permutation,score,elapsed_seconds,n_fits,fit_convergence_issues,warnings,labels_sha256
1,0.44325134723396381,93.700148954994802,370,0,0,b4ff08a14cb1a8f0bce5b6e2f92f2ce2a8ad7b288faf7c8cd7cdb9e190957398
2,0.3589975529360232,114.22973910199651,370,0,0,6d10d89d7d07ac892ef8f59c9b4cff46218ca016d1782c1d2127a83ff646851c
3,0.41046201313222858,114.06077341000493,370,0,0,655dd526ecd04b213aefe92ef323fada028eb75ac5b9241a97309cc37d1e42ce
4,0.36316316934867687,112.7996695490001,370,0,0,f47366d91aa3e3a2aa65ff758211fea99c8a1d0753e8f173371cef90649053f2
5,0.40762543105765248,111.89362715199968,370,0,0,cbe4157f72ce4c487aa08105469a91f889f0703fab80b672d2f7d7569eab246c
6,0.48650897782496511,111.71741426199878,370,0,0,e54caccb5ad1c64fe44c461157efe8ed84f6e81049bdba7085f608a15d42bf3c
7,0.40798691545481092,113.33904563100076,370,0,0,e62ea94b2921bcd3c9a9a99934f4973b08185532acff7599944636bc2e976a1d
8,0.36991390347540681,114.21085550599672,370,0,0,40db07cac2b638a255cd6e6591e31d84ce4446764db77ad2548a4438edf11657
9,0.35617850444434751,112.30708720700204,370,0,0,d3cac73b28790f5a3af1d5762cc46394b2a1a32a8d0bbe9eb5fab65f06aac456
10,0.37294609181960447,108.36283587399519,370,0,0,ce61f13a2ce80cc80a14234cbd421845b0ab3e74ccf887afe2d5ff0db68335d6
11,0.44504139480088961,109.3318432399974,370,0,0,7af89af3f2b67d171226b6a76cf2122fcc302a2540a4fc9e2e0c08151f2d9778
12,0.39999479460379522,111.63379551799881,370,0,0,45374666b53f9cfbe0cd8d897770c139dba7acfb9ebc31a6cd9b6f174432874b
13,0.40440414061270968,111.59834622400376,370,0,0,3949fa107ea523711333a1487e8f41a89fee4882a534f076c34746a616cb7bc0
14,0.41763659294212108,111.24705847199948,370,0,0,27912ecdf7cb2fb0355f44b73c1f99e85a21c571adb8d1f98509faf94207e86c
15,0.37850237791936409,111.50756623999769,370,0,0,cda3cf55057f1e757184056353a3f7016de2bcfa4da1c87933ad5c791281b17a
16,0.41607068306398659,107.4393974880004,370,0,0,d1c5c0081e136304853d2469e98e659041b9d87d830ef0bd321cfb8f40c8d60e
17,0.43652754915544162,109.5780876439967,370,0,0,2d70452b5975d7dacc32d3fb62e2cd60bcfd1ee3f07c2c1ae7ecc835390f7e3e
18,0.37116659224425541,111.27538034199824,370,0,0,0a0b954df368787baebd693d904fadd7ac3220d1b3a1ed5a11a17f6acee5a764
19,0.38442001532442122,109.03673205700034,370,0,0,dfef3d15c711c47695c233cbd3c20214815e058bd99fa6b73fa8a4ea1947da04
20,0.39398193471653731,112.25068485800148,370,0,0,7fb63f8981617e0abb39da72b6acd22c772b6e8ec056817c3b9eda0343a4817c
21,0.44557663559249122,109.23677195500204,370,0,0,992b16fc17039deb215a0402bafd98ca09e25e128dd898a4adbfe7d8ae2a81b4
22,0.34494666041057209,111.25636336000024,370,0,0,6e54f7fe9dfd8b42135a9b867e0b2d01edd9c6db0dc786c2c5213353d63e8e51
23,0.44874406538630868,110.23596889799956,370,0,0,ac893dd19754baf39f81eb4e2a8aec12f3409e5e57072faacf601d368ec478e8
24,0.39654493902120219,109.32366828299564,370,0,0,261607a8c6c3467b8259bdf19549a495c4fe439d5ca6893877cf3d58400dd144
25,0.36113688892381818,111.44003286500084,370,0,0,90a4eb6cf8e1a5d87bc078c0ac2fa198e6fb3b1cdaf410014ee133677059dd62
26,0.37819763367467979,113.95133886400436,370,0,0,176df8927880cd2fee865e387679a0d7944160672afcbdcc4419c0a1d7f5b080
27,0.4448120054395806,111.35230020900052,370,0,0,c9ee098722d62d12059b295acd4a6a94c29af808d033060c9d40f781119b049a
28,0.34502982501507162,112.91814349999912,370,0,0,f258444db45b42a9d0b75f1dc6cedd3ba3d2635dde2675653ac37b0797a2e3e9
29,0.44600595774310292,111.51344598900324,370,0,0,9591d2b6aa93ec23c8ba7d6fcba3cdbf7283f2c2468d7344637bb19124942a43
30,0.4523837844927831,112.14162763600324,370,0,0,eada6680fed49c324d43af51e66348cdf3f8bed4b1243bfe9db4079117af2e7e
31,0.51191907702503536,110.43412383500254,370,0,0,6140027c3ed61dc48e4caefd7de1f68aa4d02cf94ccc41b146ab16990f6064d6
32,0.37037531469360507,109.9417057019964,370,0,0,a4589f3fd28ee02172c128aa328de7c021463ae5a87ae8478949b19a493037e0
33,0.41105669997665573,110.04584945799434,370,0,0,5c4e52a74813e02e2febb40b74041016cebdb73628df7ff872dd8845ec794cbd
34,0.43862137547423952,82.093026189999364,370,0,0,1d8dd9c02f14dbb21a2a54bc3763b54ff2acaf71fb6f0c7b1962229e5f39658b
35,0.39387581542565009,82.119502554000064,370,0,0,46fcb97a4ca214b3734c52000384660db0a6ec34d96a0bf6c1f1d9aaa37a0dac
36,0.42534166090026593,73.726044490998902,370,0,0,ba9c278e608604d005c6e1e4f53138325a71d42016821e968d36616f90558eac
37,0.36062099788286889,89.594950145999974,370,0,0,abc806c4e46eb3fc23022aad6f5122cf4e14c53ffdf5d4272ddced01ae9bb72e
38,0.39418757599651089,90.613060052999558,370,0,0,e5ddfe7264e4fd55031a828aa49cb3f72b633ee2f90308ba941810171713d801
39,0.39653867186797048,105.8899740880006,370,0,0,d83e508166246440641d7968212e7a41fd23051968b1eaa4368cb4b98cc63f30
40,0.45336935197987521,90.98348619600074,370,0,0,685216707bb2b87ed0e80bc3833fb81852ca6725ef28d049449a8cae54b799ce
41,0.33335769846436147,90.990737541000286,370,0,0,b60723c9dddeed5d5ee6c095a51bd1f328eed409c7aadde5d3bd865946d35455
42,0.44753482747743251,96.078755717999243,370,0,0,94426c321da4254b4150dbaeccc8a1dd5c5abc3bbcf2bdc8a97c14b03ff1215f
43,0.36661348152047651,94.238209052999082,370,0,0,149951ef856bf8f201ae0cecbcfae0a549f9689e9035dded35db7267cfd7ec64
44,0.34613523191256951,95.225258286000098,370,0,0,fd7903ad5cb555ed0744f3298f46770682b68a67cef24c91e864ecbaf3a8c369
45,0.4135421746478683,97.758280353000359,370,0,0,e427d59dff3f8d4e81e388787754dc5757c09ad06e1b1cecaf42cf85bc2169c9
46,0.340354411710791,95.792512077001433,370,0,0,ce94598513c9bddb73669a8c315426a4d7898fd2a3e00d2f3af7eeaf9813abbb
47,0.44674932028568332,95.613428245000236,370,0,0,72d67ae2248d883084e01e79d7a3102fba344246459a3aa92f642bc473f3831b
48,0.39966535806117359,93.700072085999636,370,0,0,5c0b4b44170cc7a7735d3a13be6d2b979cedca245a8f08ff3b2d8045978f4ff9
49,0.35310884204064552,94.213420612999485,370,0,0,10a3aa84108caf5e3fabed4f760dacb72271dc05b6c88fd8c7713df2a9e55e4b
50,0.4062923276512948,95.367521218000562,370,0,0,775133e308573365c6da4fe2e359d324959c212463d66b1d9bd1d1cf7e2efd92
51,0.40571017140402948,93.587741917999679,370,0,0,9397c3ebf3f4ab518172fac02e9d440b73f951df20c51a8677f85f676412add5
52,0.41726062106197148,94.224130481999964,370,0,0,e90e6708d5390a3a7a2877a85f67bdf0bd2d5ebfd2da043c5c5c198dbddad225
53,0.46077974347404071,94.953256188999163,370,0,0,d02e6f5edd378b8a4df17a756e0239bc059f8699700e62412a08354aea0feef7
54,0.41137224934376848,93.56403285299892,370,0,0,e75951424d38e2941c885214ccd73e219334c0999253794f03c60cb14d82bf72
55,0.39178991123832141,90.68874894999864,370,0,0,af34fc6066c8ac6d10de3a55aa080c2f6c0567c2f17b6c905a2f63276fa49e42
56,0.4287930514284623,87.569188426001347,370,0,0,08134e142275cd64987981543a6c4acb0a84150d862e1b3616a511981e8a9f2a
57,0.34347254795929028,84.695090146000439,370,0,0,7f5c2ffbe149b4677924b9298b7dcc790cadc589e7c239a2a16abcedba06c09a
58,0.34102227013194292,86.719818470000973,370,0,0,eda21eac2aab56557ee7b3ecf3c4efd3795d36c554f30fdf08290e2f08373cf6
59,0.40037629852810241,84.565953758999967,370,0,0,ce5b9d45eb29e5040435d9c80d8a24ed01a6e8d102018b6ca308020a49cc13c3
60,0.40391019126868211,86.185971902999881,370,0,0,e16bb966b7f46e73420593f002226bedf7413457b2ede5c1e3451ca82140dd4a
61,0.41881758393230317,85.636701023999194,370,0,0,6f3bd4234ad6d5f3286a089d62dbb6ca08dbdb1b5633eec4e61a5d7318d578da
62,0.39997632601955901,90.324099752999246,370,0,0,c683fd33bdb6f6d6a58322b98e391b3ff711ef9124ee090d665581a996f59a26
63,0.41103338628042518,89.748356190999402,370,0,0,c28633d0f908969914b84cb8f6caac10dbb5eb7f59d58b2797c83e841be59e47
64,0.41635597930423168,89.825982168998962,370,0,0,f47c1238476dd1566791c7ebd13f2973415705aa36803312d9178a8718d316ad
65,0.43759515100758678,89.094458550998752,370,0,0,9c4fe0ff4d468e999bfd0922e56b4fbc792e3002231153dc8e1e47d09bd1e427
66,0.40112962439474631,89.026380704000985,370,0,0,ce7b87ac7a0f6dd416a1824bd4c668c3abd2a3ed3142cfb325c1a3cab1099b9c
67,0.4052408551988661,86.932315703999848,370,0,0,5b45e04eb4a52d6f1d682525ee67f7b8e52521cb5feb8265cfa127c1dc7cb968
68,0.41405057377732912,95.524746501001559,370,0,0,345bd5c9d01ccfa08ad8999ac4bbf00def5ccb083a0222b1b2afda3cb4a2bd6e
69,0.42316971943320281,93.476776580999285,370,0,0,9781558da8264ea68489dc2df78d45b8d5aa605cf3efa1cc68938d17ff02663e
70,0.38734244791760608,95.673258385999361,370,0,0,97c09f2f5e1ef613865c7f1c792a59b1a8deb78572745aadfa6998ff9354a31e
71,0.399622215049725,94.990829415999542,370,0,0,ea4805c9a27f088b4ac41fad5b8aa46eb8a4c8bb617796ab085bfb4285585fe3
72,0.3659889447964968,93.757261003000167,370,0,0,123d4c66874b6717652dbdf36d11cbfd563051d7d7b5c55feb3f6ee52d8f3420
73,0.3624077062246755,92.094609694999235,370,0,0,afcec7e86858e3ed438f1708aa26dd71531af5e9ab24a7e6b4ac93f31bc56a54
74,0.405669108203979,93.85573278399896,370,0,0,19b4ece97c5fb737b23105b904534afdf3782bbd1ad39645663ed72f5c73fc35
75,0.43437152477078877,94.501003826999295,370,0,0,dc23b138fb5eaadd4e5797b42ddea6a343209ce57790d9298daee909833cea7e
76,0.33138031796670209,90.695081281999606,370,0,0,ed82b39d4b9c77aa7390a72a62349cebd5e3399ad85035c2bf6f185aa78f4ad7
77,0.36396864897922199,89.192956246999529,370,0,0,e2f5f0a6bca28648e677c1f8a1ea7f91f1efb0bfde436cd75b6045c051bdee1f
78,0.42797203925944338,91.962337048998961,370,0,0,556976e3597b98961dee1210cf23b2f48399c92f942c591ca05882eeba51695a
79,0.3992086808197518,97.946542329000295,370,0,0,f0e069e8f9a3bc78f69bfdb5ff2a6e0d5b649aa6e47c2bdd5c1212e3037b3ca3
80,0.38402634186274809,99.679462453999804,370,0,0,ccd88c7f605a3a8549218e8079992f889309625d10a104f72b763a8b27aeddf1
81,0.45409787674860841,95.450002298999607,370,0,0,1de32988c814c5520bfd44f17e292cdc0ec535d5b809a110cd0b6137f2fe6bb5
82,0.38499628428653321,97.278923640998983,370,0,0,c788e84c034d2601e45b8133b8efe88be39d325ab4644a227404702e5d4b0280
83,0.42783239264748418,95.248444594999455,370,0,0,1d1752af5b13376734a6ad86e2f8f8808df392e79d795542cce6f5795f6e62fa
84,0.38792490992665002,98.275564559000486,370,0,0,92affc0b650b689e80072ca5296feab6032f419881af64f09e105a28d3a6c319
85,0.36305042372646967,94.938570633001277,370,0,0,7b871a47e1dcd03a17132c58ca017ef3084a8352b68ef0d717668ea27d2eb2e2
86,0.40062318486492049,95.141939219000037,370,0,0,2e99052074b210f358c65d8e919c519eb9f3969dfc12b1efc1a13f4ff68c83e4
87,0.39738370978819387,92.111844938999639,370,0,0,3ea8a16fa0239ff8b3d1af892781c158bb52b1cf721c1d0be9a62d317c590622
88,0.42467818124703038,94.4712797029988,370,0,0,d04a0d38071ba909ca97cb3a36125d03d5f051180630a2a1a5dc1fbeeb667c1a
89,0.34319110775769379,96.317404084000358,370,0,0,d44d099af2a07cec89e32e0b37d37283ecbfd3a8c082670383632fe06009f877
90,0.40845247633319448,93.478668237999955,370,0,0,c51d16ea450c2bf80794a80abb291dd8e558c8c7e17ffa61ec4a32233445d6a8
91,0.42049951489998882,96.55644970700088,370,0,0,0f550c5b6ce8054712a08a801045406134bf2755393cda757a0ef26ed4d29907
92,0.40754865831726039,98.940555154000322,370,0,0,017730e6e5433289c13494956ba86949c4afafac256ba26684b9a95a57dbee53
93,0.39092989291670538,93.767423691999284,370,0,0,31968756ef419d71c1b640414161ae02513dc6ab80f4f6f5b35fc4f0379a1ff7
94,0.37831134744885042,92.322695172000763,370,0,0,6dc256f97e97d8e985929b494ec62883af95127078dc9cd18f595bf9f5be073b
95,0.43189527962818791,95.015702409000355,370,0,0,2a9d65753df0cbcfb2638253e5ce847ad7d35b90ffba6bf9e2e391e0a88631d5
96,0.40805306500728139,93.007113924000805,370,0,0,92e3fc0eb83c698c888527327e86c4b16425224ebf4f3d4501004f7ba3331ced
97,0.47291031528099881,94.734262922000198,370,0,0,40216d65613e8fe5c484eae496c4e2a37e5e3f67680f678231798ede0c3377c5
98,0.43211149361024909,95.948171945001377,370,0,0,ac02a21547bf1cbdedee295491ec22a21266f39d2fabd937b782db00da808181
99,0.47052970744014838,93.601444148000155,370,0,0,4fc60c6b9f794a1c4709f681705354b383a9d03f15d002add884283bf14a023b
100,0.3589700874931176,96.615758754000126,370,0,0,56745a7a3badac527f4283946c8f51cd29f0b1005713c65e9bddd1ede6b3a5a5
101,0.43732066590010599,96.783485934000041,370,0,0,5c698326e154722db3b245f718200c69a1e62edf13c2800feca2cbee48a73b4e
102,0.39883878296113939,95.346070102999875,370,0,0,220c8563a7b1a0229998d4f2d002056f2cb1bf0b1051b596c1ffa3bf5a0b52c2
103,0.4480678080657583,97.53322534399922,370,0,0,2ef68a1f9d4c82b7285b94103074d68a1b315f68ecf91dbc1ad9c1056100a455
104,0.3767947346554571,90.83516448200136,370,0,0,c35ed6eba8fd41e77842a41a5f46eeb583fe7c4eea6c57c28323e08d9f6d82a8
105,0.42621286050579299,93.856747890000406,370,0,0,b29b6719c147315d5b0e8d9f75b1a8ed86fdefb008642e1c8ea742f06f520b94
106,0.39613222682828619,91.510002163000536,370,0,0,aee135da8bf97ad08d1ebf0243cf2f033cf0738b9172b3602500d0ed2fc5e810
107,0.38924907545259568,86.925757666998834,370,0,0,7f6e40f70bb4b72dfcc803de8d851d9f7ed2bfbfdf2bc4e229c675d58cb7a97d
108,0.42083215959369757,89.775558164999893,370,0,0,50e2a663d806da130fb1beb387f35e411ed0ca881c1c1aecac5152d488e26602
109,0.42378648327426449,89.755691334001312,370,0,0,cc61a91eca76883d97b7663fc92734a303f3a6aa9fa27986a24bb53d605e9bf2
110,0.349326673193738,92.356907295001278,370,0,0,0a14c385d699a7fc5abb55410888408cfda8215b3b4e420c46999a0564e859a9
111,0.45596052188518232,91.190912763999222,370,0,0,2ced07a5eea72439ebdd1e71d00bc90b07fc2369a5771a7ad1ccb9e97332b1ed
112,0.39578095827025822,94.342477484000483,370,0,0,00fece2bc918c7ad67cbdc9859d59000271519534677aaf7c553404bbc053a57
113,0.42942292030882517,93.560468850999314,370,0,0,1cfd1e1c7e0709d59256281182e15cedcf3013ae27fe2284491155d748dff41e
114,0.40734792735709952,94.333561906998526,370,0,0,fefadb7cb234094250d8f24a43a2a489a68d3fcd40bf650eeb9a84b1fda96f9a
115,0.44078898674440459,94.992031170999326,370,0,0,d4653274720da2e331ad8f9ffd230a57223453670e1c32892798ce30b7235f8f
116,0.40784194390318218,93.134892647000015,370,0,0,3f42013334b7477f9696b25c6802611ccbcfffca8f493f483072b47a1c97cf4f
117,0.3443199059754099,89.343701365998641,370,0,0,8d8229b0c075be0c3d4fdf31c15b9068f3b65e94b9130b1a571d9b227404dfdd
118,0.4133240169859394,90.428765295999256,370,0,0,68fb4c150e68b7e8fd5133545c395ecbd1c063f6bd813dc457d2b3887393e075
119,0.37649656015508037,93.507622252000161,370,0,0,4a88ff0b60802e9fc1b73f4d6a3c027171e86774f556fcbcc92f66ceaa0d824a
120,0.37791520562040148,92.105994830999407,370,0,0,3cb527d611cc159f131cb38ed1922bc7f67fc9d2e11f03eb33e2e012b23fff8b
121,0.49256497577056108,92.736748873998295,370,0,0,578b54c2b38eb3b76b26f15168a860a5877c2aa96c812e8115393d183aa4783b
122,0.40915114962090932,93.20435827899928,370,0,0,86adf0e2212c3a06a9922f62536d59bd47cb245f56c90ba9346a4747709fa272
123,0.41297681440057799,93.610036059999402,370,0,0,0e11585de3672430f06cacb555197d2e1ce5027d3f27f52077c10de657008d2e
124,0.36764680343872941,94.979008435000637,370,0,0,4c2f48b7974f6e9d5bce64973cf1968e80b1ff6f058e9eb81d38d57255bbd92c
125,0.36292104237894562,96.278772865000064,370,0,0,63b0f15b583f683c94eb044993e7b9997783c0c3f18e7fa449c3b0870d6454ed
126,0.3912232454814733,94.4383618540014,370,0,0,ddaa1006567a69dd88c06b2410f9ff2449e52103b8bc65a9605ccc56edf9695d
127,0.39705375421259942,91.750484848998894,370,0,0,3ef38c5c896ccdc32d14d19392dd0136f7ea2163dbfb3e3a3c4876e288248bc7
128,0.37488375449651251,87.028664269999354,370,0,0,cf8675d2f3648a8015fbc47a10ebdd6fbf3d175e2830d62226144ce61c0cdf29
129,0.4273444117291984,85.329228095999497,370,0,0,ca1f685a59304b860f9628e2eb568352ef2e60bbe88810d92b06d340cf60a9fb
130,0.42630948389379769,88.32845984999949,370,0,0,f70ae2fe7e3fb363c61798e7fa403da873a12b7f2d0462e8178b6cfafd7b1d84
131,0.46063222031341422,86.37672718399881,370,0,0,7cc896aa9cea0df14aee6f10b89651dacd03d66b7c6c1d53373218c986476931
132,0.371823367645851,91.853689090999978,370,0,0,bb69abf8efb0b1d1737b4832e2ceaf6933a6d1d06c134565fa1c15df893fc7b3
133,0.4329985710908707,92.439945182999523,370,0,0,bb09f442b0d7f62c3137039a2d518e7e0d31aae275da79fb03aecff70a1ba0b9
134,0.39310767185617179,89.594568442000309,370,0,0,45e1a1a40e81e397f466160fe52680bf7bd649751ca39c2cf24a3c89b2e8f4e2
135,0.42328129612243182,92.57959982100148,370,0,0,70f222ba82487b5723fc9c41f42947e8a8358743be4ea6b74bb7e5d2ab254473
136,0.3881765619121062,92.859039562999897,370,0,0,3cab22850f337c7a95d8519fb34550ac8199dfcd96d58958fd6b311e421a53c8
137,0.43317964590799207,92.74907609399996,370,0,0,d7d824af746045a3f74a4f361834221ac848ef744b10348dac67cafa15646df7
138,0.32494956533904401,91.487531134998804,370,0,0,b79ecb61a5bb387a2181561789c06a184be7a643ca30c08edb85528fb63e3631
139,0.4017313595117154,93.46401952999986,370,0,0,9a30b09cfc851966150bf9e941531e690c02e83f169a68c4a8307a4d8ead1025
140,0.42283055125887431,90.87751262600068,370,0,0,ad358cc693493ffa2b45cbbad3f0de9942229986bcfb6870b875bab0540d5b8d
141,0.41167499056901979,89.321028624999599,370,0,0,630af45288fddf35836f7a9d7712e60455c65d491097e3a243a6a5f45332c534
142,0.43046526784541761,91.165518152000004,370,0,0,9c3b73b591ccd58e22809990cf554c49d4248cc066d84c97487ae26d008741b2
143,0.4076525153586979,92.820745753999276,370,0,0,8ca08853e9bb330b8c60132ca76c16c1577ae9c39c533cb7d69b1b8b3e03118b
144,0.3734847894756792,91.395235113999661,370,0,0,8fd55bc987d3dc1a2e5dc3e5c4d180dd5fb23f752ed2808afc1cafc3d7227e5e
145,0.3679508057176975,93.739186427001201,370,0,0,1a995b8e51a8fed380d86355707c60c441b07d3728bda7effc9507d85dd506c4
146,0.37583196436481642,92.647925867000595,370,0,0,e166c099f392fe2136479854ec96af1cb38065b9cdafd1fcc593947850058c7d
147,0.373849893229251,99.170828719999918,370,0,0,96cb8d163ed7aa6b7c10ed5f1cea84f51536aed04d5fd48d35dd781966f2c8fc
148,0.38304955356313319,93.627590682999639,370,0,0,441e892e3e827e3fa70156667b1d4e6de0cdc5bdfbf2053552ce397002be5838
149,0.4139844093776428,96.918258661000436,370,0,0,9f4a9a520fc7142c6feee1ea07e55191f1609328d8881490a0c78978ed3b60c9
150,0.36482816975312687,98.873953295998945,370,0,0,7b6c4bb9ac62ecf11debdf4783385bfc2bf7527da49311d4b022159112cd1f54
151,0.45933661385301988,95.619209566000805,370,0,0,c6ba102d54b2265136cbc2f90bd147874bf8f0ea922eb65943399009190dd9ee
152,0.43338087267296288,90.045020286999716,370,0,0,000ea3ccc6fb1a3349dc6b24c341270584722c1f3b31333d6a84c74ead9cd214
153,0.44243824214468042,92.727814545000001,370,0,0,46a5f6c1640eb347b84b0e8d3f914ccc602ef430f44f8397a07855918f0d2284
154,0.4302280685479894,90.2207984980014,370,0,0,c4a2208f3fb65f79f76b8c3c47aef7a40c906c4cee8e13196a4a7393c519a4f4
155,0.45854004751657229,88.582155916001284,370,0,0,56497c60bad060d910c8b595379c905f1020922c5d3b658ab02a65d0bc1e665b
156,0.3777502921846464,89.360675436000747,370,0,0,4cd6b2ba76576258f4b7c3a2f539280ac5ab1fecb68d5cd31aa8bc0d6e6e4291
157,0.4861748975539058,86.996243073999722,370,0,0,c0ca4ebdd9d8eae80b71bcffc1e2f923f21209eba67c9dea860f23e82e6d9700
158,0.38210055000339788,91.121108306999304,370,0,0,2a194299cd6effccda69f90bd9a3de8b23b84403425c50ccd026466167b68924
159,0.3875113669729256,89.533458952999354,370,0,0,1ad1c94f82c4b638e49bf172f419afce92fbcdf36f761047e49d641debe241bd
160,0.41905082220120587,88.571102645999417,370,0,0,4f72dfa297dcc3c352bfffad5543ba7d79ec07d8cd74db52802cdd09d985b0bf
161,0.39872302690292388,89.235395703000904,370,0,0,0a80ed74816a8b5ea8360ab4cd0ba2fca6bc7cb6d862a9515c111648690ca9df
162,0.40835028820715791,88.016001934000087,370,0,0,b62f889ac974e94b3a5606268b79708fe6500a34fb07901297a6fac559d97c91
163,0.45255404242466818,88.391026069999498,370,0,0,f6ae611bfcf6c9aea52995a45e4ee4e3b65b87f40094235f90f7c1f7dfc5acb8
164,0.39207441369184293,93.81790464200094,370,0,0,020e9efba722c37fedfae84a2e1c9cd4380b3c596810b21117a4170e9f1b9d09
165,0.41154774610151518,94.488506689998758,370,0,0,5779cbfe3efa22d68c9029b4beeb8ed6da351a9cb070542cd4599d1e5cb808c1
166,0.38734610111120371,96.649388798999993,370,0,0,84b6d39a4ac67b3f9b227560e5a9ec7088b7e175c2c41f12871f71d5b1a85a35
167,0.3786643865931848,94.944924674999115,370,0,0,ca4b341c31af260ace7804144a33bd54935f8a9b6d5ed639a594676075d6d4f2
168,0.41107865343461408,98.086714929000664,370,0,0,f68b6c092c574b6377e6c15002ccc8f957b166abfa47d5b71b760458f8bae8f1
169,0.40478098402456969,101.61378491899995,370,0,0,cbbb37f2fa44634059e1446261e8de8ae27c0059f12abd5411da4953e5933f32
170,0.3329445768694535,103.7409833139991,370,0,0,73a5b7a014a1147a0fa8adf3eb011c8be6f65d9c5b04bcda1775643c01f50fd4
171,0.37442174346613039,104.58211588999984,370,0,0,6dd5a3db009edcc207aed5b2e84bd72278b4e49343d6f20e9fba21f672014af4
172,0.34197387939782159,106.38693332299954,370,0,0,465200ff4b156e385817c7a45027199775a08b2486bd2168222533d9cff1ba16
173,0.3764276697593944,101.63580650599944,370,0,0,699b6818e2dead6cda36942bfbb37d5f870701e750226569192bd6008598f7ba
174,0.35451686338644961,101.18313883699921,370,0,0,10b75ba7fb661d8ccd16a8d9175838c4ef5492ce9f57e06464095f6d402a699c
175,0.42920248706961778,102.71021045500127,370,0,0,4e50094c7fe4a4bdc794b3a9a3b9672fd707bbb3041cd6ddfd7674c12e419b51
176,0.44769107031786448,91.999212885999441,370,0,0,2063ab59796754aecfe2de984d8585ec3982d852fd73372f8898c802f5d97b33
177,0.38369898038178729,93.147881312999743,370,0,0,a1fa414f249db219ff0bac51eec7b5e5fdbbcb0b16bffe05c6dcbb6f36c0b5a6
178,0.39870374941932152,91.901089568998941,370,0,0,188bdd314e57440ca67adebe12d2f8842f763056eb6210fc18f822c7baa72839
179,0.3609079019078163,90.966762228999883,370,0,0,c357cb1d5015b518f22096a52572b99d48768a10b75f17ec6525bf97a0f42a75
180,0.4499784562667663,92.345399769999858,370,0,0,a8355e40a3f05bbe3a638083e92caaf996b64f1cac6bd3c9573a91bc3b8fb839
181,0.3270852759700239,90.662057956000353,370,0,0,7f8d558ec907e24b0301f95b2231f382b90dad83b69ebdd9e88c894a5e36675e
182,0.42866233733854059,90.338768446999893,370,0,0,9e6adc83de1cd0f0b419b8b9f42287be19d56c7976b79e4bcdbbd86e1ababbb1
183,0.39969757609183271,89.405979097999079,370,0,0,af98d3e6b6c575b66666fd7d86ec79f6ca1988dd07c8e1cb768e0582e7f5f631
184,0.37186988519675179,87.582790169999498,370,0,0,25350126b373c6bb8e81cdec3a06696c4ee4fac30c6dcc1fcda5c565f2b99af1
185,0.40651502714054788,87.836125898998944,370,0,0,02deb8ccbec6e70af0870821a0710c2697eb62cdd5477fe90de15430a256e59d
186,0.4252451958084052,92.34165470399968,370,0,0,664385a6e91bb58b88720a7917a08ee8d6c1194d47024c86e74b54e220633e2a
187,0.43319403979889171,87.414105168998503,370,0,0,d79c0f5e9a9d193f4ec05141f13dbbd685a0a358e2e5f3a031fcbbdd9a5707ca
188,0.3508895891722672,86.68966551199992,370,0,0,3d47dabd5479c214cf12c9d0b209f3631d7b9563a842d092d1fdee969f7d86ad
189,0.39518159924089491,91.09429972900034,370,0,0,7abbdbadd9ba23253b4d0e5f36a1a3a617a189a2ed83408c7d89315e3e1c75e5
190,0.32286830540132,86.268367898999713,370,0,0,92989dc674934e2e5c56837e36fe521a1b65ad360e4ce7f86c1fc1151390d2c8
191,0.42046324117025408,86.578350986999794,370,0,0,c21cda92a993f3c5f3ea693d02868982baace2636bc1120ddb1615650e5e6993
192,0.39249429819836468,91.045087811000485,370,0,0,04098c696bbcb6fc7293631d97ff884b935e02254f6598f16a951f3064fd2b54
193,0.4653991144542709,88.306132556001103,370,0,0,7b019282fe28dc2906a50f023f2824c18f58808147fba54f5f7647c9cb5b2c70
194,0.40405159547074831,86.316494494998551,370,0,0,8565b5b7fb10fa29da66916fb562f19c7dfaaf8341937e77120a59331c591182
195,0.41768705392272609,89.306174388000727,370,0,0,cb35b51ff15f2dfacde0c448694e6f9d4562c79114d71ba72f0be0b81873069a
196,0.3508910726372596,87.042332938000982,370,0,0,15d3ecc3b3ac7e88ec32085a9e34eafaa745a28433ab0025b872d38714baad59
197,0.37853639639236858,89.366323579999516,370,0,0,08d7ffd67b09f4bbb496c5c7676d9b83edf1a577cea0ad16279392d14e4c9e73
198,0.34877136516633012,85.774462299999868,370,0,0,6c8518d3bb98dbd502eb6b4fe265c22f7c55cbb09d7e3d5a9a132eadd6f5dbe8
199,0.4373636839973104,86.03579184299997,370,0,0,2fa7a990b58296d9230525367ce24ffa69f3364233936c057c4607646684a037
200,0.43908163293771291,84.786034822998772,370,0,0,d644d5e48e42c5c854a0c5b551d82e5aba25e7611cdfea5be279fb8b3b83ea54
201,0.40786842590868377,91.255440970000564,370,0,0,d2207e083eb31b79b3e5ebef18833f9dbd55b6f97d96a5f3e37d5a88c2ac5437
202,0.33663791070482818,87.589537943000323,370,0,0,e5e948a70d6749192529bfbdde7b2365244baabca95760cefeb1f8b292d26b27
203,0.43426765196278722,90.244218220999755,370,0,0,18188d23767905489d8f90c3ddefa1c81c5f4789c8108ad1b5694b58ee17918b
204,0.38285736410196569,87.923606296997605,370,0,0,60501a25a8254ba1b4e574251df0c123ff6ed314fefde8d6b87beeca70219223
205,0.42981865998012198,87.90767840099943,370,0,0,d1c93174bf953526f1550e50900598d2ff7dc75bf3aae716b3a9c848e50811e6
206,0.41099599416529048,86.850931591001427,370,0,0,1e6dc7b6362e88342b4ea70aec01c2fa038dcdd2ba2aae4c7c38111aae1ed5fb
207,0.36270388234002437,90.169860139998477,370,0,0,ebdd62e11fe63ab558eaf7641f49e36d66a51908aa173fb1813eb1929de1319c
208,0.34451298616581699,90.453704862000436,370,0,0,a132859d7d24e1b11ba54efcfa2aab2d310476e3c380e505756c4d95cb9023ac
209,0.34921235358201141,87.225153485000192,370,0,0,2d29f024d590408b534898f22076845d1736d7416c4b616238061a8f1b7e024d
210,0.40854893792468361,91.1539337079994,370,0,0,f99b2fbe96db640530dcdf14d6c67f8d09974f1a972145f885594c26829aaefb
211,0.38566538381528359,87.241440097001032,370,0,0,2474e4e15eef040f5708debb77b7ed3391dcb04db785cf0aa260d2e29501b882
212,0.42462509284818978,86.316281546001846,370,0,0,85d253344d533c8c6f7b9d6105a4d8c4f748c08ac67bbfa764ec83bdcd211642
213,0.33882753658593251,91.465903855998477,370,0,0,48cc217b4e73bbd7b3c33186e59ad93355596228b405208a10d44782776c49d5
214,0.4194936253127966,87.717413916001533,370,0,0,7e85056b8dd9816e6c8b52de1ebf7975963ac7559d4c37b9ecc6bb1408bf8a0e
215,0.44679322571467639,88.587140479001391,370,0,0,16a4b0a2eb464b871966499bec00d445958abbca8659a822432461e26201c4ac
216,0.3919395600880391,86.090656814998511,370,0,0,0bac536fbe8ac59383e401c6b67e88dec9b3316d581ab0b1db66cf721598346b
217,0.4514072623380197,87.179218704000959,370,0,0,d5661b3f8c9a72278ca315ee1e7c4cf80efa803e5589221ad87db6e5c99e55f0
218,0.34975248104608109,91.220544562998839,370,0,0,273c1c4263f870c76c7bb74a463fcc5fcf9469d8fca60989b2bddc6e61562dc3
219,0.40407930895512062,91.884542676998535,370,0,0,7e019fed234c4fa226a47f55c5883138f5d128ef2b2bfe5afa0324e171b33075
220,0.43593602562677369,95.917175465998298,370,0,0,9b97f7a5f09f6d6d33015fed39678c9845ba4fabcad23f04fe884122effd9f26
221,0.46746356790280519,91.823832734000462,370,0,0,1b4356f4dce9eae54892eacc2ace09898cc2c281cf5e97e4354708d14c3a612c
222,0.43959480825771752,95.431067162000559,370,0,0,6c5a3ce270838c7588acf545e56ee9c5aa97c3b32a8c2ce810427b32111079a4
223,0.39575437896229748,97.175851620002504,370,0,0,37e2648c7edaf1e93df45a9a94b550dbcc6ecca76b483e9989794120fd9384d9
224,0.38827072472696522,89.904411532999802,370,0,0,c705c9482c30a21a87dab11b2486e10ad4a79d23b5874f8017adcb0eff4b8c90
225,0.41403354598723319,92.499671921999834,370,0,0,da100fc3cfd735a847a7e78506f6d72f141c4c2e7c488826edd7f99a76ef4e25
226,0.40852694014577451,93.238914221998115,370,0,0,af3893f949708bf64a7399bc89b6c78bcefa34ba1c89fa039ecc3b8d89e0fcb1
227,0.39047756372419262,93.214907211000536,370,0,0,c0649c0cfd306b6ec6884449a9ce926b7f12988fde21a6c9a67161f888249146
228,0.36959256499326959,95.085543384000644,370,0,0,f97a682df4f254fd5fb735390ed52a025ec0d1712094681afd6b503c6ee19f0e
229,0.37996085540970409,90.936270348000122,370,0,0,66b21da036606bee0420b30385baa127f28e3c49ff36b5efbe3bdfb2a991bc26
230,0.40461700442815818,93.996383690002403,370,0,0,0743f7361a18d41f66c7420b4938f3337842c9142b49b6516fb55cf8e86ec73d
231,0.3527266378818964,89.93647681800212,370,0,0,d879cf05b00473cf5db28b9871ce827c1ff08336b6d8d94f5a9e0a4a0d153f90
232,0.4249768323926062,94.015024904998441,370,0,0,6041d1f77f5cc1ab4ba49c056423f53bced05cc6eab147385834751c5c6e5f41
233,0.3731515538049428,90.471592492998766,370,0,0,27e8f04c890eeceaf633ad3ae1e4c9b427612d0fca6a07a287fba2fbbd20e87f
234,0.37298958371586888,93.073569837000846,370,0,0,e0092adb7f56a939606dc48cddd0b27fc3b55be2c043c7345b1d59d079e74ee0
235,0.3766139881756686,90.596703946997877,370,0,0,d9c835c60a514adb9ac005cac869df76fe354a2405ce1403bb7d3f2aa53c5f66
236,0.40210911796937659,90.324564951999477,370,0,0,4df63f01d6c1b5fb5aa327d6b0be88490b24646968d3d75f458d42efbf6d973a
237,0.4120136095588699,91.099129359001381,370,0,0,a9c28acd030e4466485b67e76de6f0a60e4ded3e7f30d82d97a599c6bab1bcdb
238,0.3563796794860784,93.075524556999881,370,0,0,1395485351af5c456d55b4f57398898b21a33a2877506ff621689a6a9d98d3f7
239,0.3698858113914173,91.289965165000481,370,0,0,df4a772e0fadf0720f510a9cab5d9f4296c1b2ca746daa2e5aab7cbe1aec837c
240,0.39772006578229158,88.761673897999572,370,0,0,b2b58dbef2f097438d04632f416e0db2da67835c0a44a8e8829b5dcd2f8225db
241,0.38694304138796948,89.823252027999843,370,0,0,2547e92ec251977f61d4fc0fdf21dee3cb849906b7afcd0c078ba668a7d60241
242,0.39381538528361182,91.699115559000361,370,0,0,03ef87563e63843c1e7d7e422347a0693c78f21f6ccf679da6e9d949cd2319e2
243,0.39708115659807369,92.065104459001304,370,0,0,0c6cb4260e1803ff320f80e063783110a445efda45050eec6d13b8bd7d83dfa2
244,0.37336159813418301,93.051710321997234,370,0,0,fb794988a05d32f06c411ebf4a90fa208c0414eb683af58185a608cb03d414d6
245,0.41129531066847941,94.125138793002407,370,0,0,820342cdcabb141c7b8b749e7c5e6b272fb872c0f133e513b3f6f87f86db6571
246,0.39402177411313227,90.339598457001557,370,0,0,491287321bfc1519db2fc897c787fb4b4b28cd204c4cbb904c95887a7b5efcb1
247,0.40965503440451778,89.287987103998603,370,0,0,70b76fab22b1fc0561d3ea4fb581836559b2029637935ce1985d8231894d3cf1
248,0.42912430968806198,86.911715311001899,370,0,0,2722ee26432d600ad41fb1313bed9d43618d46a005ea7677e3e9c85e7d7c8a1c
249,0.376736172877847,88.527108443999168,370,0,0,5aab4f53025f878f6a088082fdc8f05b138eb38747b37ab708843e96394d2d9a
250,0.40283552287018298,92.181254356000863,370,0,0,36b74c7c9ac818c2918f7a7ee7ae4e7356f1b20ff13762f2f05107323f2b650a
251,0.41632943329907329,85.483574466998107,370,0,0,94dd9fd43520194990d38fb65af9d0c67dddfc6b0433b43a6b54a9fc10f6fc8a
252,0.4732230200980091,83.854408695999155,370,0,0,f5fb4d7da22fc2f60694348aae589702e22cf14bc661bfda184bdd3bf3d1d88a
253,0.43281149987812562,84.122377224000957,370,0,0,0f14d39acf2e0091282a2f244d52e27099a34f40c32290de2d3ddbaef960931f
254,0.37819719263656459,90.565087464001394,370,0,0,5878460ab01a751cc23206285d38e63cfe177d91a28671923fd247e7f128ffa2
255,0.3865021725308016,86.630147513002157,370,0,0,655839d5284d8da2c7fbfac39dc346e212e55eb6f1ab777a13e894c040b8b86a
256,0.40985226110481388,87.885230207000859,370,0,0,7e2bf34cc472c500b1811ef2dffb6bba42c12492d90012eda867949e0007e81d
257,0.42316544213385848,90.747263765999378,370,0,0,ec2ea9e2bc2e1c826b9de39e9ed1585284e1d41b7377e210017f54e0c4808f4b
258,0.43210095378510238,92.587960339002166,370,0,0,3a112c39a21a4606bebc2d0e00933b2ea395eb2b0a88aa86ef311c303108f28d
259,0.38476259794507089,91.27483812599894,370,0,0,f2a83c9ace4386ec476ff7057bf825fc98b499184e989df1cd948f6b451ff7c1
260,0.43651298203084021,87.13313984299748,370,0,0,21baa39ab0ea8827aabb45189e402936c4fd843325fff739e4cc322c723532b1
261,0.3634089118729017,90.459407111000473,370,0,0,824d23088ccfb56966399712f15688b8dfdeebd67a2a211d0e4e7db765803473
262,0.44481200112455499,85.598021109999536,370,0,0,8228c5e7b5fbec59336ca4f975d6a66c920bbc84df5e9a40c5f74b6b02202ac4
263,0.43315029538797961,88.541963673000282,370,0,0,041abcaa8c9de2c426f3ee9b6c6957625ebae760d84cce286cd58f0e53271637
264,0.38350516178092892,87.605423501001496,370,0,0,5209ae8cc40c10572d1bcdb6a2d98bb43aa8bd82f68c3522d997c16940cb009b
265,0.39324239159212759,88.525950072998967,370,0,0,a10fabf5f280cc84e0c0a13965a0a460133e39c62c4207acd72495a2fa0f8a18
266,0.43692324184881071,87.158460075999756,370,0,0,414c4b8f835f5e71d20e71eedd747e99328062075f059590fb0b67723c624702
267,0.38636106311538632,89.810857639997266,370,0,0,529d0a55bb1dc459043d9841eb084a0a99665ea870a1144e7770b91acce47941
268,0.40794124975908058,90.575364937001723,370,0,0,e41e720d6e4b30c2ee025eb31eb359e758cfc284fe7f34d22a2f734c6f649149
269,0.36365952900886822,94.248914938998496,370,0,0,98d64e326e975121b63e5baf6a192a49e99a8fbb05093aea1eed5655c9a78caf
270,0.4348205414695685,92.409418334998918,370,0,0,e8a82da60d6f0189a6a181f499ce172c12954de14ef1af49b28b11382b2b7a09
271,0.41166804345353042,89.502926966000814,370,0,0,e39d9842a5bf836c8f163836389ce50dcb30c21e45e8d7b2629855568def0a96
272,0.4318254389040756,94.603984724999464,370,0,0,9964d97c46a0cf3aaac4cf7b77599dd4b67bfe0414b88a0e3c61b3e276653a55
273,0.38901964412529849,93.157300105001923,370,0,0,36a0438c571906b65f2a80f9533d54f10d6833a90b30c14566612cb29bf304da
274,0.49983776476163327,101.62820511999962,370,0,0,d0fee8e4aa4e5ff74d5684a36def684b614770ffe60e6a811031d7d4a9610bb2
275,0.41800984534621471,100.64540750900051,370,0,0,03b0e9681ce3b1d05e0687498cc73e77553b0ec5e00a16faea5885373725fc84
276,0.35269576187368301,98.947454755998479,370,0,0,b048b5447a2123b2c596913c7df76b6a6c6d59fa90e57610d4effc026cd5185e
277,0.42619651958036447,100.20015963400148,370,0,0,cf2c7ccd04ac6683938afa56d9ace0ef588f8fb4e80e60a49ee9676fe4737244
278,0.38804069616709758,104.74733069600188,370,0,0,edefff36c910031f61657fb0187e3a9ec61d4a09adedc0bde994b1f159566123
279,0.42142245646938731,108.65723935999996,370,0,0,14cf201b86a1c7eec62d4d8998e2981fd4851631d5f5c849bfd7e80409b218f8
280,0.40240283422054529,109.44649137899978,370,0,0,d9979e89151ce90de01129316abc3d87966505e3c3c6ee604d20befa6ca35e28
281,0.38651837548032841,106.10501140899942,370,0,0,45a1e7650f721fc46af6a6847143450d8993b814fcabe815dd0a0ae918bfede3
282,0.41609845461711348,106.12402928699883,370,0,0,f6ef2b5bcff430963310710d63e3ee047f94a1475bae0c2c1d6a8b218d27b2b2
283,0.45427599635155541,103.56778153599952,370,0,0,14448dec17c796b550f1ff805442f18ffaf3fe942bdd024892d338baa214d24a
284,0.38443761026073991,105.41917219400057,370,0,0,4d62a15207c3650aa22497f110d16e26235197e2eab81a1dcce417287d9efb42
285,0.3555298206948504,103.82573926799888,370,0,0,a715a3f1c39bfc7df1c8836cee9f287d80e251f026b047639c5a2b88d7c539f5
286,0.39386969870739358,101.122609733,370,0,0,401b4f5a57e943c96b68b21c70417495ca85c3f6c1c5dbcd00a2d54bb2d223c7
287,0.42267556662875611,104.76949609700024,370,0,0,a3932d1865697162381acccd8e57b813f4d5aa2399d6f3bbedb9a4cd1b72af14
288,0.38674887326981078,104.14971502700064,370,0,0,108c26bcabf4cfef0a421331d7d1e035aa820d474bc45ebd3494557dad5eb7c9
289,0.42747107414182228,107.33122518099844,370,0,0,a6fa56a08eb82db6608eb678de6574e7e39b256191bcc1da39d40cf8e01aa62a
290,0.4498147706950773,105.48629311900004,370,0,0,33a20ee245b26134212e62815494cbf4911c8e7fe666be8f89fd2782a8e89140
291,0.37708847052444761,103.33204392699918,370,0,0,7f4302e68fd23719a866ec48858fcf67b168e00bc2cdba50007ab5ff4d4a9958
292,0.37548028842597059,110.79438179000137,370,0,0,d2e5e325aa26e71f86d369224e44c7e5e104bc21232b350ed2d69c8fb432d9e5
293,0.36355691424899839,108.54561804200056,370,0,0,4060924bd4142dc7699c13b9eafe454fac445e14ae25f4b9631bf6da4b1a043c
294,0.32020129007203241,112.3353148469978,370,0,0,cd40c63ddcbe09f08a10a8cc050b6e5e25b03a204c49c0520edb70d90234b917
295,0.41831624631615327,111.6161351970004,370,0,0,0f45ec0ad2faecd167e137fcf63112192bc9d02d71a65c33c9e8a9042321c260
296,0.42817290363823118,109.23491801300042,370,0,0,b40b52cde2692926044b236647b48bbb0f2f6896da21769bba0412c4218070dc
297,0.3547098268047863,109.68244611499904,370,0,0,750e64f87e151eb6e143fe558fe7b2fc2ead75fd18bb88553bef0323e57479bc
298,0.43328847112481889,105.15693272000136,370,0,0,383cc0dad85fbe32acac24878ea5111fdadf11cc9a14a206e924df275840f098
299,0.38259750028395312,106.89574459999858,370,0,0,ee31c553d1689bb72bb26a4e1ade97e8d3cb63be2d04fa96d0444a8f53481a68
300,0.42148176291891698,103.66530187600074,370,0,0,b3c44451a9059aec24b72a494f26c56748140312d18f30c7c5a2efe13bc6acf0
301,0.40362158558912231,107.85912650200044,370,0,0,13e0df78743fccbaa5396ff4b5f965d7c19dddb61c14adc470fb873ac5f9c62b
302,0.44180294404727061,132.39390681299847,370,0,0,d92dea639efb3b5e87c40ba53e59c0dd989d52493d2353201a4c83dbb350bf5f
303,0.41275506629215403,133.05208879499696,370,0,0,48ca64be043f0a62320a87259dab7dcb14a56a171c25ac2b0b7c6b30433e84ee
304,0.40174219832463698,122.95252444399377,370,0,0,ddfb3b32e8b9865253b28ac8939818cf3bc04e8d3929e07cb03710f6a2e1d41f
305,0.42772179289325829,125.6053790710066,370,0,0,e47e4a048f809f8481bb875e43f15a6a3ab16fe6102e42fd358ab8f6066b1357
306,0.42393719661459278,126.42833006100408,370,0,0,1336a2a2911451d0659a85d1244399a0116ef4110da96cb70049c48b0b203696
307,0.45084201620837738,116.35361189399556,370,0,0,d73965f6136531d1ec1d7c40a5f9b0fad5f6cd7e3e6936b5e7c0396d05bebda5
308,0.43156670644535622,97.609605268000436,370,0,0,b8cf8d65bd222ad34a0d3608312fd6ca6cb9d9eba725270cd68d6444efbbe9c7
309,0.4317640078071211,104.21799947399995,370,0,0,d1cf0b95e8af43daa99e77e68f90bff7456852f3eb45aa13defa73ccc4254ca7
310,0.38801333611360078,76.627901255000324,370,0,0,292d80f07bd914debb7fffd4fc2e761103c791b38a418b66184b8a1fb785ebc9
311,0.43449162198701657,85.355230093999126,370,0,0,1cb25856eaf82dc34091344389028c5cde1896502d670c0807d557dcbb998f24
312,0.414650679382284,129.68884025200532,370,0,0,e7138e13fc299e2c852fe07279eb89d5a50d6869c76200769211a7963f0f7438
313,0.43319914231859857,125.91641523499857,370,0,0,dd3aea65aa6673cd44371fa62426f201d63b9544bfac846550cc60bc1103c35f
314,0.44629311902618429,94.742222109001887,370,0,0,6508e71216d42db3f6ed9b3d34948a6da2ed1bd9611381a88f2332c7a85e90e0
315,0.41477422100153161,96.481141517000637,370,0,0,3b7e9136ef5d8b5984bf5de42ff64d2a8fb085930b285bea0c0845de695c9967
316,0.37996243571644428,97.798691408999716,370,0,0,c7b1f47c4c4ddb72235328cc1d863c861fb05aac656c1a933112da1b0cb22d9e
317,0.4075746746087861,97.245616251002502,370,0,0,20fd40da4585615187da1e42f57733e8691ee9a4f720fc4d3bcb72b34ab4eca6
318,0.428483453331515,98.442644196999041,370,0,0,2d01c3861370e863c5084d8726d23b7b38f12e964fd6296a997135b1406e4772
319,0.40562418940837208,97.151533477001081,370,0,0,c25770ab4234c3fbf9248786c19aa7bfde5ecc75ad47ae57a227c1f559930f1c
320,0.42651302391817147,102.0561107709982,370,0,0,304f95af4fb23c41811a8442a5ee623f8a0dbb2c88ffd11927ca97096d3251b6
321,0.38208389231774192,97.067968678999023,370,0,0,00498061cc282198260e6a9c5752ae66e83e5ea1eec85f6fb7ccf04f0ed86d84
322,0.38982818300243888,102.57288240200069,370,0,0,18340ef5633cc5cce31b3092e4c21eb808385ce78bf4034f25a5fc3b1f57b03b
323,0.40197054990739117,99.328248206998978,370,0,0,cebd2af56dba291ce43b981656fbdd62ec8f3fea7be0d2e5886e216b417ff197
324,0.41648429227199008,97.195198822002567,370,0,0,93c132031ba7c1fe2c7f098c0271ad22541846b701aa22d4ad28930564c63f23
325,0.3943714610764803,96.786987211002284,370,0,0,3f0f6f2d7398594788f061f5eaedfdd9d05b0a49cae28700cde17ef75fff361d
326,0.36024613249518078,124.71656816500035,370,0,0,db5f6bfe48d7fe729f592993097a38924a016ae969823bc445042113883e6ce9
327,0.46655375738431121,125.69465565300196,370,0,0,137f51645ee6b0823838357e08300d8ce1f960c5152aef6ba090861123e78257
328,0.37449394552726217,123.16552909600432,370,0,0,ec237b3440438fa16d344bd52089022d9e22a5274cd8ec9ea06bdec72723e4e0
329,0.38744926202824309,129.16092420399946,370,0,0,d50fec157edeef2261b52f8baa85498c73f31022af93be22f3e31bd675e26f43
330,0.38512325004478781,79.34752771499916,370,0,0,5e2bc1719d188f853d013850f569b97fa19618e0371f14ee5c3d46642fb813a4
331,0.4047688195758084,101.69764833400404,370,0,0,52a718a4b6812bdbb1fa0fa616b63d451471cf02d7d62405d2833d228a55610a
332,0.38947731263274271,113.45172569999704,370,0,0,6de35415e6244a3cb5b4008018bee32b481107e8ecfe8af3f1d56e382cf6e539
333,0.45853660484630471,109.00691873700271,370,0,0,b8ef4fb85d89db944fbdeadc22213284b86e5a43507930426d41158ac0127613
334,0.44279185584717079,119.89618250300556,370,0,0,ec6dc8d4677fcc22194ead8b19d4c4760f090458c64d590f156c9a501f69cd17
335,0.41506512760977099,128.69896136900206,370,0,0,5ed364c4813c8068fd2aad96c4dbdab0f1a7ea1637ca8a2f9a822ee30a12b119
336,0.44037781066434373,92.9969893419984,370,0,0,c80c3fca05269a3cb65b262349c564d0b79f31f57344f5a8a2463880f32548d5
337,0.35698254491140002,134.97027446799621,370,0,0,1a68780ce5470b4ee06908de920a707da8d6e0918428cfa627eb72cfe5623d71
338,0.45396652714548841,128.98137727399444,370,0,0,a22f5dc6c31bc94c3d8ef9c0bedd1e952732a4d9bdbd5f353bd33475ee54bff4
339,0.36024461830397808,119.36602483699971,370,0,0,f42fe2880332538e6007d42236368dfac25394547f5a376fa5baa7ca88baed34
340,0.38109113517982551,101.21490425200318,370,0,0,7a1ca41db309ff17df705fc20f181687529a688ab559daa884b05bc43d2f0215
341,0.43234903049152867,125.72691497800406,370,0,0,98c5259ea002da08f0ec74c4d80a61b9876d652a9b66613d34b864d569a935c6
342,0.37103585773534131,116.27447252300044,370,0,0,6273672fc9fc76932fdcf3c75f983ebf1d7ce24bb1a029ffa09e85e06ea0a2cd
343,0.43905178332561151,125.52583820499422,370,0,0,cf40b5068d23c8496abeab7cd80dbc1c0c3569cab786060d02df1670a455e12b
344,0.456183768766104,129.5497644499992,370,0,0,be78c65de5f70fe54597c5069cb1531fc693b3bac9e79a530f57ebb8c49073a4
345,0.3909014490337413,163.40161931300099,370,0,0,8a4bb7b630a3a237b23e08424d9b8e0af51ddeb12dce0bb187a84bb57180d822
346,0.39648561993831638,148.34513384199818,370,0,0,b27c3cf9b83570d64fbdece48086be5a1459ec1e33661305fff5a35670fcdfca
347,0.38931155075125801,111.56598362700606,370,0,0,4fdb22ba1f46f54098657473cdb6172e750067d17727d24060480b364b1d0e01
348,0.4106953450843443,136.60603919899586,370,0,0,b47fe17ec313bf2976b69cb99850575e4138ba831d0d6f5c3d94d5dd930255e7
349,0.41058355575720751,128.84020360300201,370,0,0,cd2568f0cb18382b94060d0c19e87c0752cb55e8a24eb31dcec922687c5ed967
350,0.38225918863006247,111.44110747000376,370,0,0,45a9089367e0766ad5cb1f8c4483b6c08a84e54297ce23a0ae3dc7c820b54a03
351,0.41939505483956468,132.38091700899531,370,0,0,f030d39cb7bedcbef6122b6e150072c3fe48d3908e7bc2349d5b4cd9cdbe6a32
352,0.44011363661068692,131.46064169199963,370,0,0,d89613253bc1607e5352ac9d3bd0984405e84a397dbd8f2de086a91be4a0b7a9
353,0.43661340646375318,84.241076996004267,370,0,0,7c1eadfb2ddc9e6d9e601ae3643aceb95c6bed597a4de130fad559a33cab4209
354,0.44113504438679058,125.37985555499472,370,0,0,db3ef1ad96a68cb472b436393cd0f21a7f7616dbe09ef77ea4692c8a9540e827
355,0.3942059001499465,115.72315133899974,370,0,0,a743dfc9ebf480c6e019635a68671e7aaeb00ce51e4aa092839c29ea705a7d9d
356,0.44557182878151408,131.41875144400549,370,0,0,9b050c4035eec3a11ba4e35b1bf05503f09b323a51e8ca20f955ecb152c31401
357,0.36638855254220021,109.71791085699806,370,0,0,9802a6575021105b223ca780d6990f210f6b372eba834f9dc947d19b2ec6a788
358,0.38813453438294948,130.20673596699635,370,0,0,6adbcabf7e32845be00c5c4d336ef9837e2f45ce8471c9581437cecd457b32ed
359,0.4418954639822229,119.36097903700283,370,0,0,e38b63151283dc2dcea64bf85cb1bcc854eb8244ef7a1e3fd8709d11bed0d607
360,0.4252727300846515,129.42464710499917,370,0,0,d2f474f6918c604597b168c280d5ad267a47d0908c8d4164e5f8dd1bf2af2d52
361,0.40666006557051892,117.63473636999696,370,0,0,2655a693be63645959113422d4f50c4ce671cf77739082a6230619e37db8d1d7
362,0.39635383898913712,80.56466469100269,370,0,0,bd4ddc87905cd27ce1e3a9b0f76287ccdc053690e672d6dcfa96253c555d7151
363,0.4040854325216876,123.03158444799919,370,0,0,c7314855c4d81f09618603066577d3f3edb43b03b282b8f010059be3c508c244
364,0.36698072243867419,84.582890335994307,370,0,0,6cccf3c72a0cb6ff626efc277b48c2a195f382a923570f0209a61a243849e4f4
365,0.36151636133330572,131.61678575700353,370,0,0,6c6d4b470295a32a9a96025eca5da073805e18574a6f0bd7f153b0515c6f7bee
366,0.39402856714605111,135.25431282699719,370,0,0,964d43ff1764544c9d659003ba515dbc5e16842b07b1be5c559bf725399f37ac
367,0.3703993439376328,126.61305261099916,370,0,0,6fa06e2d1714ac1743f04377fe917bdd760f05ce51aa67d97ece09ed5e8985dd
368,0.38328063753623798,81.20886006699584,370,0,0,9e9120f031597e59d3a3ca010a3099c79655d20306691a27c6c2055110a2ab5c
369,0.44682971085247269,124.47277425100036,370,0,0,a94073740cdd197ebc91a008bdcc414d17227e578943379c6efaab722ba2a0d3
370,0.39704157773260917,124.07161444899975,370,0,0,f77db055c55c2d552e290cc7a3315649bf2886da8b20e9e432243f93b7245de8
371,0.38434960917010691,83.371824702000595,370,0,0,2de229aefc81d187e4a0c35deae3bd42ddf7536c76cdcf9d66ae128c18dba414
372,0.49093651966374791,125.73965955399764,370,0,0,5548c76d998479d0c6e30b797b6c922482f186cf02a5c37fef73fdc9f22f3edd
373,0.39798239091480531,84.459567612997489,370,0,0,4141d0d0d55e49ccd00549fa84540fa8d51e8d63d5aa759ab20e1d41242b0dfb
374,0.38585432051608348,137.2681997480031,370,0,0,bc57c420f1138aeb1149e4a3773a26b544eb2988669f552851119afcf92b698b
375,0.36194116148479738,132.63355789100024,370,0,0,ea66266afb5524e5f76c2dccd40eeca50dd990fc85b626fcd9ad402f813855bf
376,0.41521492771312429,121.90135249200102,370,0,0,d8b929155697cf0f48a2b05df688935b13becadc3fb2e5f8c9f48c1b4f8ac80a
377,0.51423212714353972,79.961036715001683,370,0,0,198b320336cdbbd81f46ab9d864dd5696e888802c8d08f7f283f9b1546240ac1
378,0.34051089933128559,120.88703303800141,370,0,0,8fb77c9be022122b022f6660bf1cc477b0d595a8c69c5daafe5f45808dba1509
379,0.42143662565765377,123.89943040199432,370,0,0,1b88829774a38694b000239a0745c3285d754d75676056df72554b8eb216ee44
380,0.43187717131780101,80.533831888998975,370,0,0,22ca5be7c392ba14e68934975009adc3f990a36f5f581b9c9e191f0b44a8cc0e
381,0.41610702934297772,123.3036355889999,370,0,0,61e01bd379c93528f8adda38f41bbe684b230260134efd30ec9b3ec483c05e7e
382,0.41973175992844702,82.055125471997599,370,0,0,03e164e27950cc46fb893e3dac8a5d0e2626a9284ac62da9bfad4929958daf9b
383,0.4942677808264353,123.54249504199834,370,0,0,18a0684db8910ac5f84560b50270bae8522515f418dd47317f14a62d9da6204c
384,0.37721648856884649,129.53064207600255,370,0,0,cb2dfaec51087a3fdc3cbf73167fd7bbee35bc65fefea666db8c9e26d0c71afe
385,0.34428336471681809,82.475218159997894,370,0,0,9d9f11a657061881e4ac1ed3fa98db01e6967dc5efd921b743368da146fcfda4
386,0.39573749943728009,131.55943373499758,370,0,0,9d781654341e26841fbac6dc73ab68dea39f5fd204d0d97a4a4e15f2df8ab65e
387,0.4081798836778196,124.79308821899758,370,0,0,f1ad3cd948288b5f39b279816c93c371bf9c07043512770a5fe1112adc4522c0
388,0.36460714825704649,125.23734550700463,370,0,0,fa3faab04f70ca8353f079ed147a2f865758d4180b7acfcbdaccac6680be30ac
389,0.47938858053177941,81.363226604000374,370,0,0,e9a68ad4f0de0eedc6804a4cee87d216d3608dbfb7d76be509379b1f96945262
390,0.33557834152234373,125.34707591700136,370,0,0,0caa5908dad42910de71f68f235efb5a87f5876e62df6e38c5552c171070b3cc
391,0.39987890745505411,88.284513646998676,370,0,0,5d1e0958ecb667bba349414fa4c5578830c52679c764a2e762744f872915f23b
392,0.439029833696928,124.11186163200182,370,0,0,8ad1ed1b3802c98246dbcd505b304180c5a4352d55ca0a49f60589277fa2ce54
393,0.31858789378344771,139.32049275899772,370,0,0,1de01986012e9f127136026b45cf5116dfa8dcea0fdc568508c0804ee2670a6a
394,0.33016422326853467,88.550508499996795,370,0,0,0ce3160012b1f639f17a8b46f2ced643076afdb5f1a5ed1f49952f3bf37fea35
395,0.40613160596659997,135.90784403900034,370,0,0,6d4a772c869e8ff5b6fd5370bb6d7b75b604ad74d322fe37bfb9c3630b39ef20
396,0.44448843449082831,123.03120008499536,370,0,0,e03b5f8af1eb995b2759b793f602edaffb0390dfc1aab10a4fff2c84431277fe
397,0.3839086907399652,129.27126696699997,370,0,0,430177a3698d3a07cbc86da18106a68e5868943134cae1b9611ecb72c7fe4464
398,0.40216312319761222,96.307637060002875,370,0,0,770f144282bcaacbb3ec7ba9a8b84d321f912ec21e422e6ef61518e343dda3b4
399,0.40396438520646938,121.01345708000008,370,0,0,aa8f3117e7a52d762f2f1dcfb930ba9a12c166b2bddcebac76f8610a28718ea9
400,0.42233708640099299,114.59878014699645,370,0,0,8daf7d533d848f3ad6f60465faf607f65e91e5fc4c0bcd767bf15ffcd58af7ea
401,0.3826755257355573,125.43106154500128,370,0,0,20e84a0a57f6800e3f34101c78deafc1d425a650bfbb5fa6f4a86b9c7aeca4d5
402,0.41843419438118001,104.13663950999762,370,0,0,43ecacc08a14b4f800978e4f79fccc111ffd837d9860ba799a613fb085f6d140
403,0.4200478794619083,113.72115786300128,370,0,0,8fa272b2cf576b434a3adff578a3b73a5c76d4e3838b5bc54c28fa458bff4304
404,0.4465650080264168,90.065670536998368,370,0,0,451bec9d7a6cdb0fd4891f1ad42c8e8668146541c5da67d194ec30142c16e533
405,0.37188910449563439,124.72221984699718,370,0,0,cf28f878f89ca325a586c7bcfe90526dd8ac51a2f7d787230ab81caf7bc9aace
406,0.39003092581959181,118.081823463006,370,0,0,9d7521cb831371e6f756d1cc146c575ba407204281a838019012c601fdbfaed0
407,0.42865077391792311,123.78761634299735,370,0,0,eba61e6c8c839532b656c8ec9a693c59325e096d305889092166765a88493c09
408,0.45766800718256812,97.562812947006023,370,0,0,34d72b35098cf53d70046c632fdc65038205d0505cdee72f2d5e5dc6cc08ae9e
409,0.33628316824374288,127.8404045960051,370,0,0,674f7964168893d9360cf792f7c17932ebba6724c7984ba6f27d808854969463
410,0.39762083665542192,125.41602154900464,370,0,0,0f0531d15aa003df4f1aa90a51a5981fa90f283c69c1bfe6821e7bda38ac7bc7
411,0.38235742137914358,130.6715522960003,370,0,0,0dfd1213f5ef66562bf79e5ef5f6964849cddd53bebc0e807febbce73c55d3ec
412,0.34360477768065628,132.72359359999973,370,0,0,ae6255ed80c022d1d270e49ba682c972718a870e03854987e009a2baaf125ee9
413,0.38033236812894999,81.883633227997052,370,0,0,543ce1013483c04d617821efde57b51bbcc0796ee542efd5fd06d36aef2b8c6d
414,0.3759348643222491,129.07925432699994,370,0,0,1d0da8c85d5e497176b1377ad6de658a1dc9a46ef9846d24ce74b80056908d2b
415,0.3924510582225601,125.27962516900152,370,0,0,02f388b4331fdf88136eea90ae81cbe8569b735492c7c5f76fe2cf99d8bd47bf
416,0.3824002331938362,85.916294663998997,370,0,0,984eb137141d11b9c9ab86e302fb62ac62da397bffceea9a63d00813c206c8da
417,0.43792180124696128,83.815093142999103,370,0,0,b600cd3ad7a772ad96aedb6f7e016c4a6a1da446d320266c17f0a8da930b2c07
418,0.3950198315714108,123.50252118400384,370,0,0,a511f66cdae93cc161e5ed04703713f9d77617bafbe1fca3cb76aa90dc0680ec
419,0.4654244775597024,121.86711041699893,370,0,0,20e8d54a88ea4f4ae0d910982832df87918ed23a02dee8971716328e0b314281
420,0.38855648379340529,127.44517228200129,370,0,0,b69d83a102cd094ebf0798fb3c1d1b3bac6fb924bf41ed15e46530dc3c508e32
421,0.41040179242271557,127.4463182440013,370,0,0,73d39832f8317905366e7bd30e7b50f9f1d334cc5357cec63599d0ed23fdb318
422,0.43401474061881701,112.78496588699636,370,0,0,f2dcca25b946a680918a26f91e87ade4f009f5e2826708223c7cdecde0dd7ea5
423,0.41548242769358767,118.52154675000202,370,0,0,c5a17364230534bafe218f10ae287253f259735c364b7ad412d3796a3da12ade
424,0.32819274150304928,96.908540133998045,370,0,0,550905de67371342f9ab58bda164dfe48b530abd608200f9b0b701baf6ad5cfc
425,0.36852230214939657,103.41781443799846,370,0,0,ffb0694032301c66f0a3d005d20a89484b914b1b4b53762b7a10061868f71ebe
426,0.42853457157539632,121.64945068600356,370,0,0,538c940cf47f3ede45e478457b08b0c4bb6175e6b37794cb43ce11b64ce31d4d
427,0.42585468713858771,123.80164317500019,370,0,0,3d0c1e29a42616e817bd762b539301ee536fa3152dea0586b490d5cadb174985
428,0.3563646890049465,123.90018897700064,370,0,0,beb57d1a838420159c943bc73cdf05d26ab9fb7e8ac1d869b84dc3e09892d311
429,0.42190177480881469,107.93565071299965,370,0,0,6aca67f00d800fe1f1aee5c5a99142b0ff04111bc882c8c3fd0a853830cf00ee
430,0.44017799880624031,110.7634506739996,370,0,0,a160a2332232d1d822048ddde9e41457bea240f1e3703ee23aa0145bd213225b
431,0.4070430689503638,83.060677569999825,370,0,0,c619f3fc8e97be162f140accb36c0f3adf719deddda76986fb8d34ccdbb08f49
432,0.39405136011366809,111.27567619799812,370,0,0,912cd55e896d3c768c7f09387ce6c7136a20b0aceee609332fe2936aa506e42b
433,0.4452820977057444,126.8922705560035,370,0,0,c716538b1fc5cdc9e26c3b32036db816bd324dd8a16c6f72ceb3d48c5886fdae
434,0.36510452877177468,78.364550057005545,370,0,0,5d2a8a2a87f83e4a2a4314a4ea03847a2dda6b102645ba0ffb92787d21a6732f
435,0.36100737878870082,124.62081300299906,370,0,0,79dddf9752824762bb1f79af6557a6776c0ddbca144af4a3d3bd8fa769492049
436,0.4383550689177928,125.82710499499808,370,0,0,9626a591f590e1258bc16e38bbd6bd5fdc6b0ebcf827b05d6dfc5e75a8faccb1
437,0.40316112193163889,120.94567433899648,370,0,0,5d476cc346d34007b57b4dd05a59033cfa97e5d07c7c5e3952056527ba3076e6
438,0.39585202966212069,118.4027253979948,370,0,0,170eb25c415085d57ae4949b8c6226d959f61d18e3c82f8fb13c4d6a5c8ed90f
439,0.424046668689813,123.96238221899694,370,0,0,faf22d2f2e68bfff978cb353442bcd55f81a8db9a1323d322a722ab3ca46a1e3
440,0.41564706152859832,107.35299226400092,370,0,0,a25c8d94ed756c0f6a2164a71b806ea583cf8a6f93e18ce06e610f3e30f4b7a1
441,0.40877992291184168,91.908261028002016,370,0,0,20478cb87854731e9449a2cd568829346e45254b3fc5a848fb64c87c1577319a
442,0.38016861584908201,83.152315029001329,370,0,0,9b56b08155e58016f2833cefda34d2bfa0b818bb48770e2460dff2bdeae5898c
443,0.4040584792688634,126.96815801799676,370,0,0,4226a8f7c37c04c0d63b41cdb88caacd58371dd12b6aac0c455508c5a51cce14
444,0.43103140193749728,107.38842279899836,370,0,0,76b13a1be4b02a447fd850395ab8110571b186472a69d627cd06305f3967180e
445,0.42057226495979788,120.15733534500032,370,0,0,dc5d7ced1088f3dfad4da064412fccea9db4c4ecfe4403aa3f44db29929accee
446,0.39264128616597999,130.91796282599535,370,0,0,173589c99cc78397f94e7dea09ccc4a1cb4cb4599f9a876e54071f959b9a57ef
447,0.40404226351161843,128.03924678600015,370,0,0,c0094a371ca50a4afe5d227c1325ed2f1e361e2014461e0281a8fcc01667680f
448,0.38174245511020011,114.37883236999916,370,0,0,aeaca4891fa40eb26c6596285c9770fd4b487df32f5887290d82eed2b6f49f68
449,0.38666092191186419,114.8329927829982,370,0,0,d18ded3c23197235df61da2604db6cc53d566b86d166174df4b37187c2aa6c0a
450,0.43990915530742519,80.53918109699589,370,0,0,8823e3fac9bf88afc35662e601e68a2c6a777e55accee939f8c22468066fe467
451,0.47899013718709688,125.62583040499884,370,0,0,4398a14b0b2d71852ae829aa7745213ba729d6010b24eb2f228c81e8450c342f
452,0.37364807276272283,90.859223749001103,370,0,0,e70da7e73b0037724f625d05c9fa656438c4f703ae5140da3185d771b59fb9cc
453,0.32376771730497228,113.35760302899872,370,0,0,5f7e7f7bb36277823bb3740a20bd652f660017894a9974f50c9cf0fef85808a3
454,0.38868546885946559,122.88540485900012,370,0,0,6ca617d95c994be84b730c603b5f0ed3937abef9bf774fba60e40b76fee7e675
455,0.464086745693223,110.37334800899409,370,0,0,72fdb6dfd190708c65c054d42024e94d2e05cfeb3648e1ace0189efeac220d0e
456,0.43546462691891408,99.553939787001582,370,0,0,0adb52eb470fe67be33b76ea8d4fbe5adc049040c320cf01d9aab4debf4f5ad1
457,0.38323225733510358,126.25327231899428,370,0,0,13f17b71085605daedbcd750c00d33ec6e303a4d8107c775424905cc5ab5ad37
458,0.36298139916985789,131.6423222539961,370,0,0,eabb1a3b3ebdee3c4dd0788ad53757895b46d7af374a34a331bd64e6d6d926c2
459,0.41100295368211132,124.55630863900296,370,0,0,e49d637a4a6c588192cf800defa4fd309d05e75e5f606da2e4914db4eaf7a639
460,0.49899912891789971,98.889695713995025,370,0,0,de37310b476474950b2df852ae4db3afbf04cd001923c3987295a2185784a482
461,0.33639130730637568,77.660280248994241,370,0,0,80a3c06644c2aefc68e31725ef71f522e8235b18f117893fc2d0a08511990f98
462,0.37798258598867213,104.14840976699634,370,0,0,b0e27a5fdeb4c566b3f47db0070102f1356f680b39b93009f5bae00b473644f1
463,0.38310607469259861,120.4922993450018,370,0,0,1a68e8ce87742918667c51a4867aed725b64de9a11691cfab0e33443183c1a38
464,0.37481524139276401,128.43381901800603,370,0,0,ed3ed8feec5e8faf4b39eadd0259e2e120c635a04295dd4fbe7210e4dd03cbdc
465,0.41539904455210558,124.23956072499276,370,0,0,8c657ebc2aa1a111052ab716ed02f1176f7cdafc2e3b074f0c5aa7720da3c74d
466,0.40268808532074329,123.75719361499796,370,0,0,f2ea59f83433c4a4ad06dcf52c850853bd500dcfd8890bfa2a9c0f648abe38b6
467,0.40844811546037202,78.104418720991816,370,0,0,c640ede16d8ee75e7725173bf6eeb779cbedabfbadd4a0ae7dfee4d8a032cd4d
468,0.4316506523824985,123.28198046999751,370,0,0,53b6e6b380c67fb4b51fb1d297593af30bd957a15681a35d4ae8f5e2f74ccda3
469,0.39377490359331818,123.08258700500301,370,0,0,96cb035508b055ee50f8a0f1f7b940266b85cc1b7854d26a3f09d2728a75ca04
470,0.34318517163346007,87.481691747998411,370,0,0,53951b8cd52c425c60f7bdf20200f0cb5c4d1677b15355990836d25fc3972f08
471,0.3474180776625963,132.68053696500283,370,0,0,368eea5159cf48bdad2c304284e60cb5eaa25954fbfde1e252f96208683ddde7
472,0.45151908358160131,132.55769704100385,370,0,0,7543b068f2b3894e123dff3d9525796c0937b1391984797ce2e1e8997e510514
473,0.4101317684291137,84.344878030999098,370,0,0,b2b010a3314816eebb172b60136c9aaad78b771a59902f5baec820066b5cd9c3
474,0.4571140620469652,123.83281896499102,370,0,0,1b97f661521841ee4914f9a8558c647c102ac5974e016849b7b123167361a443
475,0.41935015850438478,129.28255436499603,370,0,0,42d4d9778ea0340d632dfee1d69479037b46bab8baeeea5eae55755b99120039
476,0.39520002310071017,90.460946385996081,370,0,0,878592146dcb7bad157933f0469d246787bef50c0dd6ed5d191ad34176220a34
477,0.4627168450432162,125.87185077999312,370,0,0,2188a2ec9a909ea01300727f2ff2c9b2202bcaef0ffe1e1c386b621942e81989
478,0.37981555940997958,131.95323912400636,370,0,0,137f0578363b4de5a928256ec96d980ee8d0c7c15057f7debb1279fad7ba332e
479,0.41532103829029882,78.840118834996247,370,0,0,44cd2c26fc4e716ccd58990b6d1871ee49e4f05e004047746fc23ba89678956b
480,0.41094926789481678,140.33969859899662,370,0,0,065d8cc1bedda72c8fbb798595df0afc5a2714de8c5eb260262d2a65ae67c61c
481,0.37592400658173009,127.33805914199912,370,0,0,ebe68e79d16bd9b79bfd34171e89961b3335b034502d3ee6bc5031c0543d6d11
482,0.38977806438893747,122.93584201499471,370,0,0,493edd76310d1c10dc14f62f1c6e423804595f81c48d328f3328d993f1715254
483,0.4513409954010304,115.56431483199412,370,0,0,fefe69f5ef66de509911d2522725e9c1458bbdfd474f11ac81643890c7e63990
484,0.3871439835966472,98.49961891300336,370,0,0,3f5ee723524a32b152b7f8192c8c5b39bfd25addd18b84c395e72deadf4e810a
485,0.37486606804219991,86.980099589010933,370,0,0,94ddf08b51e017744e674dc6742cd0993f055b444a626a1752bfa2d180cb2402
486,0.36801811905818882,125.56546483100099,370,0,0,a259d55c72d54075eb89f6d63601ce2f2709f38c2c0c765592aebdf7fa047617
487,0.40468160322114721,127.47373010500451,370,0,0,70745c79a958bad56c3e203ad38a197d6b97dc1a5372384d0b311b28286f9537
488,0.4293197788865713,81.96532610799477,370,0,0,7da59832d967a4bde28cde0bf23c73b92c3d9da3c84f2d5c55d50f9f38ef7413
489,0.3702945138939619,135.99756139000235,370,0,0,6c4fd5ef8572fab73004929f5edfc654f6e19c31b9b49ba6e3a0ea4136891ee6
490,0.45583297967446229,136.97932020100416,370,0,0,a9afb00fb8d95ae9dbe44ee80d77e76cb705c8f4e36377c4a79f8de232757de6
491,0.43890724035656947,82.541725615999894,370,0,0,fcd25c91db108a20cbf0e20806570d10e005c77f9f64c28bf3f7293e5b44cf08
492,0.34771088270531197,131.01799511199351,370,0,0,a5e91c9c8c35755c9c76f75c7c21f9fd6437a46b330d5abd705051bd1c6856b0
493,0.35743378391241742,130.66263907999382,370,0,0,af3de7862026389b17b7b78dc8d4a7f1054fd44ef827782f0ab7dd99777f15f2
494,0.3469173349971954,132.02567415000522,370,0,0,39fc63739a8b748ac183d08152a142a8f5f094221566466864242fe9eee68bd6
495,0.4050226430682618,81.953631791999214,370,0,0,a4b843300bc874a29d772c0c88df21bfa35f604e84be71e3ddf375256686ac15
496,0.35276296541712959,131.34182583600341,370,0,0,d58a1fda587fb8d54ee608d982d24d515857e76ae38539e91b5f7df0f472648c
497,0.43899942869341207,112.49773677099438,370,0,0,70f76a9d73b27d961d4ba75c2570ebf4a415a472a0cbe1f834220735ad5160e9
498,0.38196497094587079,90.283144586996059,370,0,0,3fe58c106bb156e33561e22fc629852f981cf0d0b0e57a520f081be1842097ed
499,0.4341144765588632,115.3302045580058,370,0,0,026c5abe47f88d6ed877184d23f24c603b2e2252eab6444d8dfeba0374d52143
500,0.42966604808800107,126.9585244810005,370,0,0,1916385c29081e6b7d9b51e797fc561c1856f8326d54e50a8f6fea868edd8ae4
501,0.41952466255339449,114.59851523999532,370,0,0,24f39139e9681fd81dd8c29077fe1d26a5352b12cdac0eea2a61e06e23fd3389
502,0.43094674211963058,81.718687019005301,370,0,0,2fa69d940ac8a83e29c4bf0bb2d995dfb440f255450022d539b65e1da2a1ab33
503,0.38579050126205061,120.90737432098832,370,0,0,dd5e9547dc1141a33af0127bfc9c6cf9105fe12ce07a9377717fdb163038aef3
504,0.38556707545216501,125.36273900700326,370,0,0,380ef108714285fdb3eec2468d9680dea458826073faff364170d65c37a965e5
505,0.40936360724580217,125.71260163500848,370,0,0,8d78f72b6cd709ee1234447d1a26686d67d735f78b15523a53acb2e5d31293f5
506,0.38911715598511321,128.01237395399949,370,0,0,c6f89be873816f6113f7dbac9d48c356cbb79c6c651bdd15dd739091347e1e25
507,0.37606266256982929,115.24237449398788,370,0,0,4393d51694d5c0df8d4ecc12452b97c026324b22d2fb186206ca3fb76a0482b8
508,0.3189171707982415,89.201469798004837,370,0,0,1f1a9654a69e35d3fcf1f026a933c41c88ae56897781e0c1c21a1669d51d1609
509,0.4164483036791784,80.229389102009009,370,0,0,7cf5470c8f7dcf06aa25db9625e7c37401717a293febd77a1c899b170647fcac
510,0.41900875324990861,132.70633777100011,370,0,0,48e4325e8807a4835c1ca54f24e82a7264c4877dc318bf4ed1ec8b07e35d2e33
511,0.37796788316865387,124.30192579200956,370,0,0,905a6b2a5d969fb6a7d87cf172aae8ed4a3d51d9c9592f168dc499443041e07e
512,0.42224288280089972,127.59585951900226,370,0,0,9d00b87c561053252fd1dbb008e5e387fc294731136ea77421d9c09d44a6e3c1
513,0.3931387815363464,79.155949258012697,370,0,0,425fec02796109cfbe7783c89b6241c01294bee95aef848cb01e08b0898c9565
514,0.4020841559306732,127.12012085299648,370,0,0,5d41e3d27eb90935c48dbfa39cdd602fdd36beade344ad14677d590e55624d6b
515,0.34402919005205818,85.621203137998236,370,0,0,899895198e808259a972dc2e7eccd6fcdb997951fb310da4a8eeea45675be086
516,0.42507959636880333,125.42977690200496,370,0,0,c22bbb7b1f1f1bef3dc45f85cdbab0f9408685d3bf503083192c8f23eb1b2527
517,0.37810552735310649,123.42484208800306,370,0,0,3fa2d7277502fead1a460d6b467ba3216e6db241a0d5cbdcbc8c95d862d6bf2a
518,0.4997643302744702,123.88511995899898,370,0,0,1c567a4461bd182744b537392ac9f11ef5058f0830cf269e8aa16c73151fb2f4
519,0.43203265947643837,78.213961144007044,370,0,0,e76c1b5c9ceaba1e3015c204eaa64b2809949bff25b12151c8f44acd6a431134
520,0.42909936453893438,88.716290739001124,370,0,0,16f427959fae9958b0af698d9409dd49a47636a4a313cf7e61129f3309db3bb4
521,0.46082029504822958,127.90324893100478,370,0,0,6f7eb87c9cb7086145acb6462438e00c6d108f5b7a373530557c6f77fac60bc9
522,0.37984217757817512,131.34808056500333,370,0,0,88b4887dfa13e274b804163d0b90b56e399f9b7766764c1db38499cdac0576b2
523,0.39941411737329108,126.10941721299604,370,0,0,1e091ba0229c9c27611867bd55c166494c2ee0ebce94d79431870025f8afb3d7
524,0.38968474634004158,126.9176098780008,370,0,0,a2569263df934025136ad66af7dfc5a659b8cbf72b5b8a7e4846fcaddb66bd1e
525,0.34795558703781088,147.95920547799324,370,0,0,cb5955c9b8164870c776dff89973fe8d233b75fa139f548167ff5b93ce295799
526,0.41179742070930098,79.250116948998766,370,0,0,0369b1d8310ccad923a6c4f345c4718fd7181868abc741a361c4b5872c5d8648
527,0.4478113973105341,129.00781577499583,370,0,0,e6a4813b5eccf5d292c8287a68f6f00ada00e5ca17b2564e0d9b40366bd8b6f3
528,0.4428196747133768,135.65267650100577,370,0,0,4063ec8089601311124d8033d81997cc12ec68b0f06ac6024a11b9bd606c1837
529,0.37304679496315751,78.767208941004355,370,0,0,b8196227b1177c12970a9c34ca7855d63fadc66cab6fae97201c6206b0c9f4a8
530,0.39243178642405968,124.109107294993,370,0,0,e3d05b17742bda74382f3946134139f208253dd4a23727de02321d51f1410a10
531,0.33732689188828852,218.55860164199839,370,0,0,7424cd48a6c4d3bed94522355fb5ad2532a2aa40e52f1a666200529486ef2c42
532,0.42192313779150098,131.98237464600243,370,0,0,98ff265c2e51d20a77ddcb665b7818b10494fc6079aaf38a6e33db84fa5990ee
533,0.4331683837702886,123.37497945899668,370,0,0,3d64ee317964f5f570d1b8c368472f48754cc900af9fe99464d924aab8cdf1ec
534,0.44412915746443421,212.04248068000012,370,0,0,d7ea332a922e492a837f8caf160a98811c7f95bc707cfbe0726202e848a716f8
535,0.42947230727806429,135.29791466599272,370,0,0,3eed1c2a9158e1f3c58b8ffe04d78f6a6b37a8fb811dc31164431c5d7b6c46a7
536,0.40616787099461388,88.71620393700141,370,0,0,cb46847d346d921dd74256a8287d135df128151b0956620b3b600a9e54175164
537,0.4411667753404937,179.79420188099903,370,0,0,8eddb206d49a67ccdf201deea2e8b9e40c6e9127f1a66b5145c05e77b73668bb
538,0.44804636960674848,197.38670656000613,370,0,0,a66f096e2fc752c8552bf525d1bcd5253a63f40e8ed65eb36e51a02121f108ab
539,0.37748757803326011,218.16840098099783,370,0,0,5bd687bd642e180f5467c31d69c24917f5f5abcf32c479806657d6ad0179ac4e
540,0.46678748171301832,93.164888226994663,370,0,0,23349f9f45bb317d8764d5c353d0582af034e9ab1572302ff2218508fe41f017
541,0.40907875763356671,77.058557636992191,370,0,0,de4f0d2a677cd88658d29454266392973ae3dd8e97bb66325022b3ac0e49edfa
542,0.39825611088643598,115.41601912399346,370,0,0,f7477ffccdd4c49785ce6a8e4bd85eeab411551be05538fc2d84d493cf49641a
543,0.38169033186013318,222.389739930004,370,0,0,1e1fadd8e73eadef61ba18ce31ad90342ade25b6e8970596fa045b80c2a455ae
544,0.46568463952360251,83.594015205002506,370,0,0,950c2d0d18d1bea2e453febc664c0577257d17ad62cd651dd5d0ca1c1b071cda
545,0.41916346816682032,97.013637299009119,370,0,0,1f5bce8aca06202061dda1e5ce9742874ff4f44694d3ed2d6666b78eef66410d
546,0.44854336057298189,111.54863893099537,370,0,0,8b57bfe6bace255cf9f020b7c04fef601639f96be9b2488a904a12ed8ba66eb9
547,0.4227568288220373,222.1979942379985,370,0,0,f8c5851725199c8c4f5f3af14562aa12682e75911f84cdf3deac45be3fae6390
548,0.35599449450533038,144.58868013300523,370,0,0,6c67708f9f4e048e93a0d9803ec3002944c5def2f4d97b586cf05150e02debc4
549,0.4214581214244475,133.3168288559973,370,0,0,b0d4182d40b332a28a80f3b82ea6a8330fa30edd59628ac7cfd4601f57efae7c
550,0.39928239373950969,82.29131685300672,370,0,0,8a7a3643957f744bc57ebdca937dd1d8305af86b238ae592f59b02925ad9299a
551,0.38435142530686361,151.45150983100757,370,0,0,8484bd8520257dda9774fdd68cbba8bf52c7e54c946433d045dbec8df67ebd12
552,0.41736208730523711,150.36647956201341,370,0,0,3c47e158783a069e5e5c0a0dfee7b4cfbcbea2fe7fc18ca1d1ea09e15d434a8b
553,0.39390826589399619,104.34156176100078,370,0,0,3c2b70b6e141c43755cd43c0348f1ddc101bc5eb5985ac168fbe150e0c1b3c18
554,0.42636652895416782,119.83712653699332,370,0,0,b06c25ac2109c2e03da96aa4cfbac00fc08718b6b70c35a8413aff5d2a177bf8
555,0.39964335680162189,120.616606814001,370,0,0,d57153f5106b3f935a854cb426a80aa136914641d84e880f46a855f3b23b8e3f
556,0.39252096650506541,132.73912131399263,370,0,0,f67fa83b44dd2d14a94144fc5a3a15e852ee0c037a5e1e3d7c94f4d167f9378e
557,0.3899641466386542,130.53931650199229,370,0,0,4a30a4375638d2ee675d94f55d3038fda5ee638d4143eb24585034c2da7bae6f
558,0.39265668067502452,80.322179921990028,370,0,0,10f99688f6450ddc6c1057c78fd63dcc94760980ffc103e0a3dca6534b61a2c5
559,0.3934282399289547,83.569319618996815,370,0,0,d0857064d8003ce11e8f9fd6bc37a13128e632b294345bd71229559a961a4869
560,0.46703838923154528,120.36754703900078,370,0,0,73772df1503b4f9cbbe13c04aad0ba54b6fa2cfa3a28864008f5b8da591e3587
561,0.3600034074352999,123.12762534699868,370,0,0,662be3316702ce20427028cc97afb02e19a0a584252bc6fc4ba52b409d2e571b
562,0.35236054307350162,124.09273661799671,370,0,0,6cddcd5d21c6975ea30da1082c7882bebd91d768710c1c674425b4bdd915604a
563,0.39876666045757131,76.460763923008926,370,0,0,5dcdaef01f43b4488dc02c986fe216f0a939b3a38ce1622940dcaf237338829a
564,0.38339449266965742,92.733849380994798,370,0,0,a3129e729b7b0f8b6274053f01baeffc34b7e82e3c47ff8862eaaabd2b8a528a
565,0.40567795798641709,147.21680158999516,370,0,0,659b49152c96181e023e19de40194eca81e65ea998488ddb2c34a33672bd1c63
566,0.4423125156172158,122.40173969800526,370,0,0,521830f0af7e7ffecdd98d391bcb256ae5f47ff30ded423685202cb77393c4e0
567,0.3647932309875257,122.69116626799224,370,0,0,d2893d1a3f8578d018934829afb1f5d2fa4157e63882a9da6357d471cbaa4699
568,0.46132649972076217,102.05457407499487,370,0,0,353cdc4c2af38e659c6523ebfc1506b7a1244b49bad52728775b695b1bf81e1a
569,0.43774631396940589,87.540104824001901,370,0,0,dc2bac1d1a623585b626bb19431907832a0209411c096540b9cfcdf49227ab8c
570,0.38762999685240468,182.08838381498936,370,0,0,ea3126df09bc52d1e1fc9b70672276d7edf35d4669b5a0760d204a9c737f1456
571,0.41170028155789001,128.82553900699713,370,0,0,e4a12baf7180f77991ae2c6e043f113bef1c15232d3c745e84405c2527beaa79
572,0.36570129392016237,120.43228181700395,370,0,0,61f57fe66cc03aa6ba91c3eab54cc18e4b8c754506b2782825fdaa9590150d18
573,0.39873422776177331,116.67830571898958,370,0,0,7e4eee5a451ea86d58c07b61c0a0de258104d91ed525801c222cfd288e96383c
574,0.41272489193777001,123.55357429099968,370,0,0,538da601f137443dc22dcd0339d664fd6a570541c086ebf8cce88021ae9f8f65
575,0.34889436499330589,139.72916569300287,370,0,0,43e23df86ff4a46506408ba2abb5fc9e976ca07411ede4be67fb33b4d85f42c0
576,0.40716141802082179,119.33976419900137,370,0,0,d4fa1e034aa5deab6157f66856b17186bb362ce3f8b1a5914aafc60e2d4a7eb2
577,0.40102860274997421,147.35419756900228,370,0,0,eeb3f61f562037100a3f32d4aa05cd625f5551f55318010d3fbd01400c7a318f
578,0.38289538472873008,144.40809251899191,370,0,0,d8494aef693844a1d41b63204adaae39503053ae934afc0a9666b1086253a458
579,0.3769163484376874,119.4237284080009,370,0,0,0466a87fe2a7a0b2bb84fbc598b07eb2e405342a6d150dbea63a8dc474895354
580,0.37783928029969888,119.92988035400047,370,0,0,b329699f8ed986f7af9299b6ec1594351dbc609bc36a76719945366db2d290db
581,0.41703791303410409,121.38758093101204,370,0,0,ec26ee4d740a97872fa8a6552fc923c155f548429b0200293fcfa02bb920291a
582,0.3923185827113117,124.24251222300518,370,0,0,10ef78c8084bd122ab318145ad55103c1e27f1050bc54f1a3fef2256fb2b816d
583,0.40962027658255878,78.960537866994855,370,0,0,f318b46d864edbc83febdeabc177d28f08bfe5f57a2eab3604acdcfbb8aa4655
584,0.46640525594400623,95.746196129999603,370,0,0,00687acd17443b990fce94dde6706d44689eefadfd7f389da049abb55ea5d821
585,0.45266456425432638,127.70224323199363,370,0,0,81ed100c5a2a930959c9af8e02452a9d2a9b340c798dea8e19808f344f47fdc8
586,0.34958195247046497,124.12775524100287,370,0,0,b0684a0cc9c91a4265bacf5249c1d5fc254925bc7b4aad4c8af155b89744c2cc
587,0.44361932876143167,102.32866845100943,370,0,0,f416341e3e302d6746e296b1f49273b6debd2cad1f3c5da3a1db0ee79f2b5c85
588,0.34191592605898707,100.8706450949976,370,0,0,d0cee443ffe7646efd4299e3ebbb5e2ad2fcc0b2b5d37aa3fbb4ffa483fffb79
589,0.38014819760753349,93.308727455005283,370,0,0,6b525e0c5c071bada23ddf350ffb22092d9c8cca32d83d6b956efbbe533350a4
590,0.4232262827548004,126.84359494499222,370,0,0,86c4bab131d44b125fd3eb1615ba482da211ec3e717887e741a2ffa453f99d0c
591,0.3528920782534275,122.06822506499884,370,0,0,e9f37a1e1e09912cb4d0718d7ae42a70b202acb0989823b1620b6885b3fdcb00
592,0.37754910321680202,120.13091234299644,370,0,0,b5dd51438fe1ea7b2da2cd1e7ff2ebd8be5d4518b308d160ede4fbebcb88bf70
593,0.53997486500465763,124.60054867199506,370,0,0,dd65ea8c3ec37c3d2423943976d3b5296f0ba7aa1433fe805950a15e453f1099
594,0.42691751377853382,119.89376618798995,370,0,0,e5d45881c29603f306abeba14f9f87f850025ed089b5bbe2068c7de0363a842c
595,0.34434445959347137,77.378217818986741,370,0,0,d25983aaf18fd5038b8746e9a50a613ec59b66b685d3d734b0f6d730590713ac
596,0.40037123857865897,121.17518913499951,370,0,0,18f7cb85098ba2e0e5a525de5a1c2684597a9b7e9296a7f1f69707f747138e5a
597,0.4033833227973756,101.85319722398708,370,0,0,158469cfdd661f66269b0a7847adc371421af6cbee9fa80c956b245dac6e0c13
598,0.3910186165020445,103.113836894001,370,0,0,934562c51981aeeacbb3df1b39bbda4ea017b24fc7f028eacd84f11e8193212b
599,0.3748077958451399,119.77582377800718,370,0,0,653ff7f366a5516a137b1166d0bdcf8e0af157664efef05778b10c51cf02287d
600,0.44264275625120009,93.002828671000316,370,0,0,96467aa0d04d664fa6129af36cf7d5131843e04ddcbf3cda57552eeabd1f2d75
601,0.41245739744126841,109.45550751699191,370,0,0,a541b6fdadef65249135438209213cde4e89a6b6236ebfc3e0ffad7bdfdcc8a2
602,0.40099557037968758,125.64299911499256,370,0,0,7f4a05f30d9466a60eb157050a947de889042178dde972ae7d11bf8e7e9f262d
603,0.40999454111756528,124.73502857200219,370,0,0,82b41ae77bcaecc7709c850d4d63666f547504a4e7efcf14461f3f1a6bd9f694
604,0.45161915555364091,119.08926874300232,370,0,0,f6b0be46bdeacd0513387c6a17fa3016946789391c93a09ac911aab761fbb007
605,0.30794752958370453,126.70625370999916,370,0,0,08077fdccc7e64f6b44f8b60cc86832b111f968dea4aed2624d9f92200c82946
606,0.36487260110197162,86.130145496994373,370,0,0,2bf5ae3e84276045021cc8530afae58fb049bece685327b787bdfc6b77899e0a
607,0.41502467879805222,112.01933612900029,370,0,0,96e1230b07ab7f21ea05be532aacd8360a2c78cc5d90a53352829cb22f7219fd
608,0.33669699527862601,104.1572037379956,370,0,0,8165a15405856706a82cbbffe8ae61720e2ce1173b1ef81380267a83d9c86310
609,0.37968778838627121,113.87069064500974,370,0,0,9de928e82ed091aa3b2c883eed80b3660db82a216127e536eda5c7933c4e7395
610,0.34673968643249908,121.80174873200303,370,0,0,b2b9a218c458ce80d618aec79a2dc213e4188a2134b9cc28b809a38ef3d97342
611,0.39610948079553998,121.66496161599936,370,0,0,64579d21f0fdfdd5c2dc2e630d4e89626558af6ecb153fd92c5442082fe2d85e
612,0.45327816457038822,108.71699439299118,370,0,0,02e68b96568cff467649e3c18310f47309612d59dff82452cc705492c089fda5
613,0.40597144287937859,104.86481374500728,370,0,0,bf843f2dee44fea6c62807ec8f04787f87757d3c5f0e1142a70c18bae5ac86b4
614,0.4553818293241304,99.599474179994999,370,0,0,7767f94cc93376c6022856564a3ccc5645bd194a2b48467cfc062f559478ff6f
615,0.390093778592568,119.50978564600518,370,0,0,c3cad4aede066819be89be0761c0051f97ffa3aa1cac738684a47f38ed0d6582
616,0.39784958967637812,121.82242932300142,370,0,0,7fc3e8b11cd90659c70c9c3f72efd338e8bdd7a64cf024f10612929d9caa9068
617,0.38459154284804692,76.867571097012842,370,0,0,13537055f0c329154296402fb78c2ceafc95d906269382afaeeb26bbc8f30be2
618,0.39081786829294318,91.285221796992118,370,0,0,8198deea4090ee6dbd7ec4c72f852bb5ad49eea7125b6f2b2182b9f9dd322f1d
619,0.4314790768551145,114.16126374699525,370,0,0,8bfceec69bfe73fe2d19d9dabb9bf6ca4455a19da033b1c6fb1ff80b6d6e852f
620,0.40001552934107548,127.35094451600162,370,0,0,1433e2e687356f9627c6ef0e23c147c95e4f2b049d46ac5db6292014fc5af5cf
621,0.47039809656117848,124.51934181000981,370,0,0,18960ec04d226d4c4091415428870186f8cec34bd2d82458320f3c02a1a46afc
622,0.42564502086588879,125.36300489699352,370,0,0,db32eac6796490f4432c977ad9af6ec0cf8c78e165702916cfc21b54fabb9b61
623,0.47452218567058418,76.348916575996554,370,0,0,995cb17fdd6ce21fe0f8bfba460d973206759560e75f9e8ffe14d3b35d175035
624,0.446324571854601,127.13409794100151,370,0,0,865bbaf2ed836e7853c6f79a07e11686e8fb1a6b1047e3019a7e99a746f0f0c7
625,0.41909761546573771,122.91230610800268,370,0,0,c627ad7eb9d89e4cd37525d411776f34a81a7cb50a5780ecfcfd344142ed3c28
626,0.40138042397011858,101.83798773800665,370,0,0,153d617a343a5c674a93e19715c71a32359b8e6ecdd321d50f556d59589e2a96
627,0.39441712074037838,77.259573237010045,370,0,0,722820650c7d2ed7eea72f87f8824a403f78c2b4cfc07483b77fdcba1e5dc64e
628,0.47753975151259243,103.34272977100044,370,0,0,77e4381e2d105cc5f826262557547cb69ec0d79f84b6c68b646c2c6e4f3460f8
629,0.36540059410814518,121.51150070299629,370,0,0,1aa5699fa79f5cd1eb5352786b784191d642a1c8c8492d8c8997252150674007
630,0.36287423849668138,122.14362438399984,370,0,0,ee749e0b3f4b97a1ac71f07165a78f19c1d662bf4b712ddb5beb11e52e43db7e
631,0.4185448449599618,121.49463757699414,370,0,0,ab8a2b4ce17f6990f649eb3c3e519e8a809d03fb90b6baf73420826c41bbfb52
632,0.42405839782591809,123.1366700810031,370,0,0,6647ba5d47b4ba6100db660d0b6102fb1d6413f2b01edc9789eef615781d3f5b
633,0.39364982077288629,121.97025757699156,370,0,0,a64853c8dc11951240cfa590c4a37433dbcf20044538a9ad8817263ae01f09c8
634,0.38751283989990398,77.804058371009887,370,0,0,9b7f2a4384a739df61b08016ef48cb696ac59ce3c7f6b2c9698f306d491af48f
635,0.38579689812864398,82.476112856005784,370,0,0,b538bafa6fb4a16d0f3c09a97678843c45d60d046632141b6259d173b3f6398b
636,0.50961356941606195,121.35116264199314,370,0,0,11a7000840699c55f9874e74e1f0f0d00f39b90f5ff718fe1205facc61e67697
637,0.4173848626367872,118.97995940000692,370,0,0,488d78965b5f520993d8c946df998128c6d34ac48ebff8341b78da88b15a33c7
638,0.40409854596974559,121.99995077599306,370,0,0,8f54f1d632d19babe2c4a91d75cb26e712bd6a6a72e03c883b63263c3aa7e529
639,0.42429266444717711,123.31703414299407,370,0,0,4263a9c3449a3b88f9f7449ab337b5cce28d8a65a4d297a873c76467c90a46f4
640,0.35525772479328571,79.067385610003839,370,0,0,e4a345b7d2a86030fe3b9278224932d0b78a49dea5c68775d829319b83051fc3
641,0.37275186222332829,93.453984836000018,370,0,0,48f2cc09ee51b59436823244c4f173168677e7d0a4d973e8beba39f089e4575a
642,0.38257777703330298,116.26218781500938,370,0,0,84bc4210a514451bb6429823ba2d7fb4ea8fcd3cbae432f6b6ed19a9829b12cd
643,0.37478365840949379,125.9232218380057,370,0,0,eefe2272803518119749ac7d4abfb17fbf0f143531a9808080dc57ac460f1b9a
644,0.43236307332309798,112.57430720300179,370,0,0,16ad7563e3c65aafc6c491624e75e2c1b494785170ce44d37a48b747bb2052f1
645,0.40819685075667511,81.239651203009998,370,0,0,b8f969b90e7403a5bf8b56e9255430c43a59b699fb112d2ac1a963ac85803c64
646,0.41060687695828879,97.719682463008198,370,0,0,a249b6cfb5e60c2d23d38171edcead4007ef9d86467cccff6ce8ff3fd50ef732
647,0.43771952651376322,108.56295009399764,370,0,0,4b32c5b91f3a4a726a58429d33457334ea8a273faced3592701a15439b2df778
648,0.40111091984772351,136.92236977900029,370,0,0,b518c58618e0f91130c48a45a629d709fa35cbe53320e54a786181e9be52bec7
649,0.350397062755685,144.09831088699866,370,0,0,a28e91077db3d7b1c56fbaa6c26cd16ec7d405fd82ac2840d06ca8bbe9fe7cc5
650,0.37376852122761861,105.20554286899278,370,0,0,9ddf4dba7def99b1aa0891f895d93f567c2f283971ee545eda85407ea3e811d9
651,0.44482782197309412,137.17731411500426,370,0,0,eca77f8ebdd15622a601e37973f63cd5975285d6a564dc8c24dd222c3d28e301
652,0.40956933623936248,149.23673971300013,370,0,0,30a5c41b21060f69d927fbcb913321355269285cf0cb3896730a631a589846af
653,0.33712082803855947,136.54078992998984,370,0,0,cddd408b42414d99148f2aa4c801e8a6c60a188eac6666750aa354ea0f5b1695
654,0.35368705517396282,77.628165583999362,370,0,0,53fb514945560bf453ccfaeafc8f2563e130897e32a10e8f620d62a8c8934596
655,0.40518147746279498,125.9041349899926,370,0,0,ef2ba5c2294b2ec0a197852e67c58e5bd745f3af5d65764cfe9ac9592ba68ab3
656,0.39889431542461018,107.34775047999574,370,0,0,a607db8b22584558e6711e6cce097a7a034169b6dad7fea696f52c1382e89945
657,0.41452352890346528,114.88170069199988,370,0,0,fa8a72ade505cf60f4753d8c199e834e258ee6b729f2a9a13a204a7f61d82987
658,0.40948645235378162,104.81550499300648,370,0,0,c78f14db33480017ef9c2df7fb76d7a9c2b3d1e734bf1169ebcbf451a32c221b
659,0.37621618559538228,96.38918764899428,370,0,0,c456908e08fc0e50b9121a6f9f0bc284a31c435d674809ba2b984d4ebdc193a3
660,0.34879187316519061,125.6848915760056,370,0,0,68ad8184b3b0683650da509adec6039d706f404a441d00aea81e5cb1bb40925c
661,0.44357254071594288,124.49103233600908,370,0,0,5fe28266e48246918f4d2a451fd95232a61ac9218311a36290f6d4e8d8a8d4dd
662,0.42337211408546538,124.93802332000632,370,0,0,9499dd8d9521936c17f45012824f8cd45039e1945da8629fd62fc1b60645a3aa
663,0.31844721218972583,80.379009024996776,370,0,0,ea9e732c7ef7ad8d84a12cfea07e73ba08d28f4cfe059a5406df34dc69790bb4
664,0.38767348529590329,122.63872046100732,370,0,0,67b53c50ecb909856d9080d42e5e0f214a747b44df1ac28ea04c909432324071
665,0.3958294973869142,119.744245711001,370,0,0,a19907464abc2d776c1cbadd2730be853755f0f71543c8cff8406d946bf531cc
666,0.48577162694117021,116.18977787000767,370,0,0,482d7945758acb03d6717021a378fbb1fe6c9d12fa3d61256b6f8fd1785bdd8a
667,0.41208702364617988,89.099996410004678,370,0,0,26d030349d90622345bf85db56a66998a7eed8117c402731572053587554b1ed
668,0.37826720372009298,76.511130334998597,370,0,0,0f34daa8bffabf5e821d785db2944ee82013a3f057928186cf688e7ea95e7d40
669,0.40338792505856091,119.871957329,370,0,0,bffd5c94dc86e7c28142c1ce0c86275a1fedeb4153b4abf735b11e0ffaf74570
670,0.34610548387608731,126.2085187019984,370,0,0,269d5b97750c05b0ed5c764ed0a3b6ee29e385e00702277eead32c29c180704b
671,0.45166431112112299,124.86296141699133,370,0,0,38d787aaff6854825e832404f7ab703eaa5144676276f92b316e4d31e2ad5743
672,0.4336751114659041,87.742994011001429,370,0,0,34ebb88353d138aad0ea691d01fec94c3009bc0643974af9bf0788d18ced3c87
673,0.36699631820420869,121.45622277200164,370,0,0,6e01e5f4930c67bdca4d8afe4a7d07441d9f2c21d050f99c0d3f27a913bc7168
674,0.4085305555547204,126.60553076901124,370,0,0,d7750ee22524d94156f13da412b35fe3f88f0b472e8737f74f5c2396c2d4bbcc
675,0.42735799011295078,120.8538850180048,370,0,0,0d70f175bba19cc7b1824f41af01b0788c63d6e3a3d0d73b8609a4570a2f9fb2
676,0.41027028556723188,79.004076149998582,370,0,0,272b6b793ef339b7bc7b258ebf4738eee1f2fa9bc4a0d0438d8d78a6a95fa161
677,0.3914184242589982,128.42257067500032,370,0,0,dc7f1d2a49678cb42969f2588e266f43ece8c56b5c84d8433029ef6d7c7cb8e8
678,0.42497947271946201,86.864716336000129,370,0,0,354ab8defebae472b8e35c6d4aa07de2a7344aafabbbbfef15ce398989635d1a
679,0.36854645391200502,126.55345562699949,370,0,0,1bbebbd82d04e72b3f8ed444f6a98d2015e7b0d00b1c1cff5dff9c5a2ff74154
680,0.39694093875356518,123.0633222089964,370,0,0,8a4d55c4784a191b6b0f9009e9b1474740f36451eab2cf93b8a7c0266265d092
681,0.4128423699758102,82.512723196006846,370,0,0,2247252bf0b2aa1c58eb21c1b4050129de01db09da9e9b1a6863a521c8511341
682,0.42450623530524512,124.52735785199911,370,0,0,9c3072cd88f14ee3d9ec0200ac0c8d82c1d991b6dd120316aef83d83c7fa7f13
683,0.44588252362966618,114.50650530798885,370,0,0,dca41f39fc0c904432073d5f78b054ead6973991caec7b72d5626c39550328fb
684,0.3818388165004335,123.1764630869875,370,0,0,cf6c1e6b1c541b78284d0caa3b047c11bb7115fb5ac06b6289f959b2eb6e7f56
685,0.33280385155537118,99.115298485994558,370,0,0,20dad4df99351cd55fb6ae0548ced1a4671686868473f075614d8f47ddcc2e0f
686,0.467361171398046,76.653493385005277,370,0,0,3d91a48b862222f80ab8fe3d7702a268e20b3e98570477265a042cb84d901de1
687,0.4105235946153124,121.21799060500052,370,0,0,05387b3fb34af71c550f4003b5434e80efe754029009db9d44939fb1cf6946a2
688,0.4131072626307995,125.14044476000709,370,0,0,dcd9fab5df0bbdd976940269a1a5f53feeebe62e307cd4280a58b8907e393e19
689,0.40823261613047401,118.72448707299191,370,0,0,e6529aa6ced7f754c0e7fe7cbb01c20a0ab59218fd5b13bec77a919ecac32937
690,0.39696959332166259,123.41325885801052,370,0,0,8ab6bc62c0aba5e61d3d38efa325798decfb3ad24378635dd0389a5c9bb06526
691,0.41371070488497869,122.52953957699356,370,0,0,fba2ff75049ed91d28d4a41685fbd2657fec939d58839feb28d587e359cdd9fc
692,0.34700099692458458,126.56112081999891,370,0,0,486afc4c8a21f0256c9d60cc4561a3a7a54f08989f92cc253c840ecbe78db98c
693,0.39240573785192978,81.986589816006017,370,0,0,44c284effc9f9e1b2a6002242e04a57e865535f5ab312061e3f8ad8e9787ee3a
694,0.44951571153458741,87.435353659006068,370,0,0,259de577bf0f14a2aef806b61e29494dee8327c1a9e82a4f429bcfc4826c6828
695,0.4773537176202548,124.16272081200439,370,0,0,46cc054f183f9d07936dc86ba1881c816ec3b621e5d55419ded122f350ebf784
696,0.40950806650057631,122.33456620600192,370,0,0,46be59c8217fe4645d9a99550ec1eec89203cabf47c8f49f419a2c8204df56a7
697,0.36047734790595271,124.14208711899118,370,0,0,c2659f2e1f81baeddf08533be34f2b558bda12a284aa6c0f0b220760ca9d86c4
698,0.42372495400688159,78.549429899998358,370,0,0,9776d5e669f95de99ba1faa14dd213eba788a7022a797775d0c7e050988feba3
699,0.38960092620291858,87.35174229000404,370,0,0,ae1481ffbe9cab9e8ac85ecbacd5281e07bd12e4e6009f4a6fef3a616c125b29
700,0.44440706317289719,124.09934386299574,370,0,0,c19817990d9546ef163a5fd664c6f73fed17c84221a7e8fb5dd55e7680ec7ec9
701,0.46190602350748328,124.29162348699174,370,0,0,9118f51b2e846b8aff56bef0d1067df866e497c8cf7faabd59ffd223b1cc5ff5
702,0.43266710753839988,126.068905705004,370,0,0,874d8606fa3731219264ee9db120c62208536a434ef976faab400b41432d6e64
703,0.4044140507534193,76.47011253600067,370,0,0,ee5c16b087a105302826045a16166c3da852ac4095c422bdfbae985c06ea29ab
704,0.35778918501501822,84.921258989998023,370,0,0,21cab139548b60dcb99544cf30038b31606042779671eadb76eae3a3bcf2a89e
705,0.45443032279120971,135.05354749000981,370,0,0,6b2608f3de7650654ee7fcbd9641ac10285f921284bc6ebe08bca7014a143f0e
706,0.39186419377340542,132.96912618099304,370,0,0,61777a250ce600ad265016a9e07cd62f670ae10205dde289421acc944b7849c0
707,0.43096484026282528,118.05081672099186,370,0,0,4488f16d62ffb79ef2a68550299954b21be935776f52e84649e9a64bf4e6ab5d
708,0.41956484465191102,127.64991537400056,370,0,0,40a977deb450926471736b5f429808c4521b71c53426f3406ddb6dc38374759c
709,0.40291760236591029,132.07232777799072,370,0,0,75a1aaa15eb5d46a0a4d8c7f6a98a245c10d24f6d5bfe44f1f2685387c1de648
710,0.38055409764145331,89.231420851996518,370,0,0,58b97d3d722988c8f02e4257d37427ce07d8f7d5b97265ebc1e9292dfa5a4732
711,0.38661388247020179,134.82172100900789,370,0,0,f7a8d49f0ced1bb6410031a28b532a7718a9640c9097d7c0c9674162da63d311
712,0.4051687837200964,123.59889155899872,370,0,0,111602a1bff8cfcbeb3a38c5e2b422b6ee87d324f7067867ff5f1b36a692ad57
713,0.45484414845945792,130.11647707900556,370,0,0,bb2b1e035e26caef26a397554652b752971c70aba976c5d5a2d13399798e5c19
714,0.41547121388105579,126.01898420599171,370,0,0,b992c33744751def7eb729dbf8481f47db5961115d7e827a409953b0cfddcf11
715,0.40441312020079589,78.568634719995316,370,0,0,ea47d1e46556e2ccbaf1d941ce02124cd90ab3e31d8e4a9da0258a32e8947ba3
716,0.49679267841239311,88.006828365003457,370,0,0,305af54a673180bb2bed058624ca9d7f251018d6c2b277af79028294528717f4
717,0.44360715916948368,123.08188728700044,370,0,0,602a8b77aca1609fd770fb42a7fe19ddbeede332f80f643a14c586af82c50f50
718,0.47111288909780619,124.71614467298788,370,0,0,cbb8cdff5dbbe62e1a8974877b0c09494fb204c22fcbf511f9fcd86c174811d7
719,0.40773595833966808,128.51335419599491,370,0,0,1b520030c742bb8c2f1a4ce84a6b5a4c2049105efcc4283811a046329fe30f46
720,0.34942945537510361,123.63261755400164,370,0,0,6a4ab0f9a0d2ef3a15432af163c0c7de60c5f9aa8c1fe9f87288ee805c1b98ed
721,0.4112961814767398,84.844086805998813,370,0,0,ac6882203cef0cedcc798413e78c488cc3451df2bcef9c3a23b0a146b278a5b6
722,0.47194648920850391,101.66778638098911,370,0,0,8bd91a854a8817342f2b91d96f3c817b1e0cb93ed9f85c7571a21faaf4be4c54
723,0.45816186641731949,125.14982688699092,370,0,0,9a02d81a83f04ff44a89392adadace20bc54a69f46d41fb7afc5fd5f5b0aa1ca
724,0.431564128172582,108.68249943500268,370,0,0,4380990b40691bfd128f8703d5554197b94d7e7ba0c8d287230c60a625c55759
725,0.4115517843275685,113.11352417299349,370,0,0,7a84a894cd9238db440b8f06bc763fd119621b68d86bb58c16d25bf6f628d7c0
726,0.37126173495652509,79.759470852994127,370,0,0,0bab60c6947c0dc5587653aa2d56fbaeab46d45b1ae1a57bc09354e8fd387948
727,0.35140710541857662,105.06479433499044,370,0,0,259621774ae2a63b26e44c87d71bf3463d1a89a815a3e70d4061af6b2bdb3181
728,0.41551522727895629,124.0846227610018,370,0,0,9a2fcc767fd86a710e5956292e769825a5a83ecf9a76e0f6a7b51b9ad35e44d2
729,0.43497628778484149,121.72364108799955,370,0,0,f59291de8bac67030b2c01f27abd521aca9a59493f6e76e412c2a31c64ae4817
730,0.38759799750793661,130.48905033599294,370,0,0,40d551ecb65c07708aae70e150aa237fd608a22c5eef47f85a67be1c8c416c0e
731,0.38349384142422699,124.6589433610061,370,0,0,ced8571aa82632054050a3f57d375b0322798392e73cd84b11c6578fbe9a7396
732,0.47754831299917572,84.909155144996475,370,0,0,a259a02303856b4f9cffd3e23f63ca755b75f16867730510a35c021d5b4a3292
733,0.39620702028702942,126.30127607600298,370,0,0,fcb1de3f0903565201a9049364d9a07b6183e14b791e6e9534b7cfcc6871cae6
734,0.38106207227346411,110.72420877699916,370,0,0,24b3365133c276dc8ffa0e38df373b8bfb7bb9fab7f23e7fed0c60137b4b0526
735,0.34918218601860818,93.111081278009806,370,0,0,74c5490c0b20ed1f9e87a00d464b83c4ad677c6e95a9b54a458d12f80f1427b0
736,0.42326805914593379,121.33937658900686,370,0,0,61762452c0dbb3a80744a67bd22ca5ff6990ecd28f1bdbb4e2a71e42aeaf6260
737,0.31675500366741532,123.84799393299907,370,0,0,bde7a032675d5f855eef196c19c06ced0de7ebecfcf7b5f010059ed30c1abad4
738,0.44729002607948171,128.64924852999684,370,0,0,5a0ef1f7adc1f0bee78ae582a417b417f5a7ed77bbbc7e57398288c91ca183f2
739,0.51251590367176036,126.63670124499184,370,0,0,3b351abfa2b75377b06d8aaa52082d587b3cb29d04c1945b42acb40f763757c1
740,0.3746902224684146,128.24425918700581,370,0,0,1cc42ad4012fe3892f0fbe34ffae21cc566844988e2af8d8ad451fdd1d0d6bb7
741,0.41565947113457918,87.852020094986074,370,0,0,f81458f9a5a047f7287ce886b9902abb211d4553ff12ed23a4fc39344b8a3af6
742,0.45714533074131458,128.03940528900421,370,0,0,18121827dabfe4195f3694af78bc2a0a363b9f784990c4fe63c399c643f221a7
743,0.36229118776308111,85.970506376994308,370,0,0,70773fbafb4d6a026984554b056df0fe6f9c1be8d5918bca40841d6fa8687a9a
744,0.45113395855224098,126.61931993000326,370,0,0,8c07c3232ec0768b38721ee187372c18f534f9aec69f4d03d083646ea930c557
745,0.34531173007943911,123.94236746900424,370,0,0,366ed5fb05e7890d210029fb53970293a96f835caffcf9b6eabc457d920efc8d
746,0.4071180982143271,91.602262715998222,370,0,0,04f46678da918a30d038585dd906b96d31f753c94442aa9ef49d53d73bc2b3c9
747,0.3516605854447184,128.18632287900255,370,0,0,d0f10b0620f62c7c468aba3f6ed8ee2b35ae679ef1692388057d02eb0391faad
748,0.37493573568194211,133.69759156300279,370,0,0,7eea81efc0ea671328b56670fcf4c09871f6d681d49852c9a16d944554e2f4f7
749,0.42819468386725712,83.268998940999154,370,0,0,aa654a0e82c302bc51f2497f900133021059723b9f1260240f858f9a88df62e0
750,0.40962664791673747,121.29827520700928,370,0,0,bd31a7012442ca19d9d0e1594765148f5f13865134bc31d4653f454ceb547e34
751,0.34488501871613497,119.30908715800616,370,0,0,aff739e95ef94d5ab35b6d9355cb4bf225b5d4a0eca5a88eb23563f9801effaf
752,0.3679886727519493,91.284033110001474,370,0,0,708e2a95c392d45b07ee3f3b4bde3b11db243f7bb6cfc80058e34416241682c8
753,0.3851721065559392,103.9227765419928,370,0,0,47b0ad1cf9f25fd505e840ffabc2217f7dd4025ce353894e6446dc801e185b95
754,0.38861859313882419,122.6304265660001,370,0,0,d0f9306c2d0c5338969fd7db889c4cf88f0b487d391b51e14e0c8433aa7511eb
755,0.40884940342966819,113.26835442800076,370,0,0,ebed58e510c14062b4a4d47a61ea4bd7831a8927f97cc1ec30ff422d8e033886
756,0.40130836374341261,137.58559221199539,370,0,0,cd4144acfbe6c95d646f960087fe3dd59bf7ae5b49b4bbac5ce20f85515f4598
757,0.46146797569326942,127.95795996399828,370,0,0,886d0866cbc7d2207cc0f8d803f23f3f1f85a07b5a1c824ee001fa16a78f9754
758,0.3958724649609443,122.0182541260001,370,0,0,931e1325b081c503e605c0a8cd55756f0312c1aaaecdba89d614594b815cbbf9
759,0.40893500832344709,88.430081765996874,370,0,0,783c5d33920a3824bffbcd5dd8a4a85ca882041442925bdf6b9f09e75d6b27cc
760,0.42209214250140481,96.083834899996873,370,0,0,463b2eaf9c22cf1b0e2fa4cc5c576d7be88299857a896552824d8b2d761d5279
761,0.33798537638310761,111.32814284299091,370,0,0,6863c50d6f4f122a2a0c776c4769f09d072e5b4304060660ba77f52b57d50280
762,0.3862145605778553,122.27520861300582,370,0,0,c4a8c1cebbb13c60c6506049d842c33388273b842ec2a9f6d290c2f222a57df8
763,0.39544288785793441,119.1955837389978,370,0,0,0ce0947c00cff001703ec39ca9fb08f941251e406b8283ae30386397b844ad38
764,0.4179686028265911,113.20935968200502,370,0,0,65739cd959e93f046b5d3185c4f6a7d6a0d5898555ffd43575b012ddb63a7b13
765,0.49428174505480771,131.05763383999874,370,0,0,ef3e45c12bb6dde834e296aad04d94576c0727f8b7691158a1b23dee1f4fe8ff
766,0.41540915759536351,99.532894295000006,370,0,0,c3fe4e23ed6278fdc7b38120617264fd6b39e362528f8137b67697aff61e90ee
767,0.43726996806043028,124.38215825399676,370,0,0,420580bc21435365bae1ac3b86a2cf6a76ae060eecf6f822a800e694c22329ae
768,0.41138676284182918,128.53443544599577,370,0,0,7b4e8cbce53103cf2d0db18a5e34a0fefdbdb10b5b211f7e1321f4f9957054a4
769,0.38216765543548348,86.314352708010119,370,0,0,46a1e4a70e5b78b775c179bc021c7b9825f963404f33bb597925641f420eba40
770,0.42081938407015151,127.51404469799309,370,0,0,c5f17ceddfb4eb003c11166372341a30daff5253704fcd5e57bea13fcbb02189
771,0.3937846744257657,93.646998676005765,370,0,0,1028323338ae0f2124ce1857c8f4f7743f102feef2cae5b7797e39bf97d35b45
772,0.43734436946023197,139.98442152100324,370,0,0,eb38c290774d37f942c458fae1260d124a871a9be4e5e58d792ab5050b7e3c33
773,0.41952757335262808,121.93804955198721,370,0,0,065a837e0f05e9e7f2a6f99a0d4262cafce021fbc9969a00541d2a7dde128834
774,0.3484663571791774,124.754882868001,370,0,0,c00db13b70d5bc2ee8f44159eb410cdd8b535c1ed0f509e924ef6188099fb63e
775,0.44618102810521049,98.503350931001478,370,0,0,fb8a6fd61a2e2d2119f933d4bfa708d231036ca66c91fab98d59dcee8a7739c0
776,0.34605440868064269,126.71202343799814,370,0,0,c70bd56ba8c54e33915f0c78de4b7385af869d8095259a0301ede14bada70bb4
777,0.47159801754008479,140.24728381101158,370,0,0,70f7afec9508e8bcefb7854d275bb135d150a749107790e9987b1dcbab8f6f96
778,0.40710968031798589,88.289421021007001,370,0,0,333c61b77aaa4b1d7a16ed9d64bdec8f9afb6ee48b2719046992e0a04126b1d4
779,0.41765781395701762,122.29215802400722,370,0,0,8df6ab82e50c69c62c847dc0a60fe008ceee488d8b0319d5a6dc621a7d5a3e1f
780,0.38755470803376452,123.35332421200292,370,0,0,9503bd5e62a38cfb58554ff07761043399497a5c4bdf86fca4db53b5a1d8eb62
781,0.34751134151970492,97.729416098009096,370,0,0,9229bc7340eee4249afad2774215429e1a3d5856d8d5cbef917c29df086c7338
782,0.36932434159577271,137.55204876199423,370,0,0,182c6a99fa3ded4ee8aa2efce6fa41845cf053a8c7ce43b56502abf6c52427e2
783,0.46802209978606218,119.51530056400225,370,0,0,6d54900a10275058911a1ff8bf79b48d9575bb330209195e4c6f65305e8346c6
784,0.3493511390693243,120.99876213900281,370,0,0,d5dcbb8c98d7e8db68b51a6218feceb85072d2005e787204106731a2d8c0e234
785,0.3962971500583285,82.749924781994196,370,0,0,956633d370fc7dd80bceee819c83fd1e1dfec1abb9f8899bd0cc869df333ab47
786,0.36676061376168317,135.20886302999861,370,0,0,9c93c4450d7ba22bab8ed4138a5c70d3dc4d77548774130a1c530484da069e89
787,0.37976232374044899,120.36603608400036,370,0,0,7175d60cbaeb08ae656190e0049c2417747a68031a38e3b03250369afb77096b
788,0.47696205702655858,82.179907251003897,370,0,0,d9f97eaf9f0d2aac6df31a926fd188cf2e1292d1ae949adbaabf53c34b6e9492
789,0.45415386171132588,87.97614700300619,370,0,0,889f72ddd9a7c3db9947dc847fef429d94a011256351a6f12d2f8ae4cd1f4fa7
790,0.40788052250698098,120.75531104799302,370,0,0,62e3598af9ca22b30189dd904356e96c85fdc8454375eed0fe2b6a22dad7516f
791,0.37021263435682489,123.90586270600032,370,0,0,3ab6c36602ee4814d173fbfe98dbb5d3c3bb2bf287736da3578aa1d4d5327999
792,0.38921435955521788,135.50222411198774,370,0,0,16baf6ee2666808233168876f0d883ba2ae4fb014085257253242d6b4473401a
793,0.42135677194435051,123.81104134999624,370,0,0,a071a3d7bdf1c8a41887aa03e9fc84fb222dc06def5a08a6e6d5156b1861b1d5
794,0.34065903555196309,83.048301048009307,370,0,0,2974a84a35696f0a26a6720220bf5706fe20e4bb033f1d4f83c5de2d53396d31
795,0.39901465845002621,139.6536474290042,370,0,0,301fa5d1d7bffba1fa2c3ba3bad71222119ac4d6a56436e44ddbb98b734f4ddd
796,0.38528081016904858,85.163498056994285,370,0,0,fb999d3fd10f66e986be7172b8c6457765a548dab5bea0d93099bd8b720f5c5f
797,0.40782324434954181,120.81001383300465,370,0,0,c6fb71ec9348f3fb4d7aa6ed5824a53d326ce1a622a276472ae6efaae37975c8
798,0.3832319436669282,123.48662979301298,370,0,0,6fe0fa7bea50478854fbcf7f7a85c17c128e5e75ba13c5052371f79b8ba51792
799,0.36667449963619969,84.005269143992336,370,0,0,f32fae4a33e3549fee9ddf150aff6104a8dbeef01c62b7016c7efbb609ca38df
800,0.34570940305886089,124.12126108400116,370,0,0,13c3a3f7dda7451f04225fb804f6d99a1c1bf458efcb1262e85a0f0ca7d06098
801,0.4296724960673648,122.5536567579984,370,0,0,f11dbe64400cbb5dbe85c23c6ea441a997bcd27570b0b2b229c93e307760aba7
802,0.40226931558549262,105.30468148199724,370,0,0,ce3b8190472214206b682eae10978a3ce2bb9e47c911eb56463fd5a1578faffb
803,0.3197429716687808,116.92504826599908,370,0,0,8cc7f13a7de4e1cfe9129879a80bbab0e10cef6d58a60074ffcf3d4440d8dc94
804,0.38318664525742441,127.0053273550002,370,0,0,7f3c9d2ebd9fa52d8fa0cbd47eada5edae66ff0910f067f7193ed0679a338b8f
805,0.36121638395095962,119.82666931199492,370,0,0,c0cc573ec81067079ba8d2450de300317b1a2cb08af4bfe31a18406c07f8055e
806,0.4067449904228812,88.111588143001427,370,0,0,e4fe7f026661c21e2f4fee2e21e7d12b2f0f84a2b10e800891a0784fae020cd2
807,0.40574786269226198,121.29566996000358,370,0,0,613305fd6304330b92407c6572413bf8cf7acecc90333c38006c59d06cab2243
808,0.34386303721728639,100.94719761201122,370,0,0,6f5761bd85cbcd1ea411a6cd940ed957da3fc76b29032625f1cbd047c48d3d74
809,0.40289124107616248,121.48874313100532,370,0,0,562051a20f2efdb4033878958c7874226116e731d276be6dccd775d697165665
810,0.45235352746427271,123.97047742600262,370,0,0,3b66b6d85e3b7c0f3b1ff4826ffd6c09e0162a071ab28d6d10296aaa770861b8
811,0.42713503719396301,123.63503014399612,370,0,0,19bdef4fe38b9c9dc1a871b4e67c3f0e484566bb3c91a4218b18b5afd3d5b7d8
812,0.41048510364431468,87.742109441009234,370,0,0,d62e764d84259a645d15a706838b393998b2f2f85462c8ecc02f60ef973ac875
813,0.41293311254152398,148.38174224700197,370,0,0,ec864826ea7ea97cad73a032246f7cb050d5bbf71adce6d15c699f785155aced
814,0.33512831334085502,147.6318930619891,370,0,0,a7fb0ca11daad88c810be414bad1e289da4b1b483877cd83c95fd177e9985426
815,0.37307908931746098,122.30876728599831,370,0,0,c4889babf99b933339a8d537057ae4de7689eb892e4f55a2b915b33ede1933c7
816,0.40446720691631338,83.476133759002551,370,0,0,c5338ba8a4ead18cdbfd091a69e563ddca9152b6513d45f2aa5f02082dbefc43
817,0.4330287884193223,117.99860762599565,370,0,0,483b619aeeba15527553661195f0c2e03d42518718cafce1de60af4fb3602993
818,0.36559057039735299,123.98675455599732,370,0,0,5a9d52fde92e51eee1557e0b53dbbea38acc5d5850bcec4c6b4da1e603c804f6
819,0.43231530718950828,85.158632224003668,370,0,0,4e124eb097e154fc67e728c30a9e0e068d367f927a44145b55e6534f2521c1b5
820,0.43159736399739962,121.61991216099705,370,0,0,5796b558de810cf324482b3d30868380c76f4b6f83e3f5451514562561e7ea58
821,0.45127740006751288,87.285827614992741,370,0,0,f5cda7f80bbca0468a132611c5a7ea2e677988373aff64204dd8c517a56ed035
822,0.36483097342596749,129.27779906599608,370,0,0,17efa760af05203cdbea8efd63ade68ea99c8b296835c828fff4708805fcc74f
823,0.35523490023174548,120.6577182720066,370,0,0,9df05c1061e9ad2daf1bea57201b59bf5230ac947932da031045dd02712cacc4
824,0.38044767803084611,127.0783186339977,370,0,0,3587101863c483f02dd974f7f93d5a2a5ce90a2a72ba775121b5480f0e1c459f
825,0.36711911730783942,114.39334252300614,370,0,0,4f6effd79a542b5cd76ab0c07a0b15feb7f3fb744da598a56daed18c8115b382
826,0.3267876260746494,132.6109451430093,370,0,0,7fc7eaa64852e111b7904020b97b0febf8e7f360ffd1a2eacfab62055092fb86
827,0.38588411755096652,128.09671420599625,370,0,0,46300f1cc889eb5ccffde468216c4622755b7a069f1f34aa53a2956ea157dba1
828,0.33364281255071898,130.04057475399168,370,0,0,e0d191a2dd6e007caed7c3b648ccff2d955ba1683b3c371b76ae39f953bd7858
829,0.42083676798436359,90.371585394997965,370,0,0,433e00f4de93af39fcd7e7b87f0e164a1863d6148119a442afc744487391f77f
830,0.36027597746595819,122.04617120799958,370,0,0,277e6e34bdc3e0be00b509d763cfb454064640a5f5feba7e27ac3a6c5718aebc
831,0.38869881321850419,109.37433511199195,370,0,0,63fa0f278007c72c178199608179852c5c1fb4bfd84ce1d23eaa40ba08099cb7
832,0.41166636400754492,124.37681559698832,370,0,0,7b9b182c2d89fbb486ce8dd7a28d38a1af9be2256ee2adcdd5ea0d42ce286e1c
833,0.42552620317240619,132.77970150701003,370,0,0,0e63ed51c9733e2cb747c3a71080cda5255021abaedd4922f7a5bca170f2ac92
834,0.35532331059688937,99.724164307001047,370,0,0,598e023c19d6a1ce37418f12f47b9fab9545acc5f677cf6d03b4a8a3cb0377b5
835,0.41340219858492538,122.532769190002,370,0,0,207626e845f7b7f53a4b377295a62f3266712a97200a6a8ab129fc47164e76a5
836,0.4466332892023,118.6771166959952,370,0,0,08667ef9b407a4acec41fff7b25e669016606e4b9bbac4fdbac666dd79b453c9
837,0.41889536104464747,126.49824675200216,370,0,0,e55f38ef2819da547cc06cbb0fe7855a84d3a9daaad52475adfc341dbdf9f99c
838,0.43651360300786679,94.083214266007417,370,0,0,734db7326f46e8105e23f9a6885c2522bd954cbd96027820ec246ba9f089c8cf
839,0.41017022441813172,128.15420479000022,370,0,0,54c86f5dc9c6b6de6f8976eb880e3027aea71c95ece417e3e447c8fcbab19f1a
840,0.40582422548463581,123.42717788100708,370,0,0,210a7e7b4394e30d45ecbdc8059780918472cc2e2622e4f7b6dacb4d2bc33a4a
841,0.48072680049249678,134.77266365999822,370,0,0,26e3c032de65114010f72aa23a46fadfe06aef9e48ac1edeb61ff4a7e7fd6884
842,0.42859763726048428,134.89296000899049,370,0,0,69982e7ce693df70dc811f4a7bab1f0d291835d47b4039d150fe7fe7fd90c6b1
843,0.36164524390039698,135.83521273099177,370,0,0,79f3050961cc4bf76658c4ec86ed634e450d89690e8875275589833974eff277
844,0.41332750311621258,101.92834816500545,370,0,0,f851243a702479987053a1ea1292da228e6214fea5ebac858c2d0083e16de9aa
845,0.41051086901689288,121.14611731100013,370,0,0,04ff6e4599358c8c3600fb9b94cbbd9c5f8c37b8cc6284abe9f2f0b1da94c9f1
846,0.35701376746739749,111.70433827101078,370,0,0,56c7168c6f0784b530279b33fb61dabb5b9ec7ce77fc1611c009f1f4e7b23ee6
847,0.41202470565662858,118.63458806999552,370,0,0,4ff47ee791d35fd4f261271bf6f23d92755e0fd19a07b6e2812f68e19f3e205c
848,0.42585502465566272,134.04917415999807,370,0,0,7336da6f2670f43733df7b6499894497fb38df27b9ca838bb01886a4b01bd8e8
849,0.38087109665905788,135.68271818499488,370,0,0,5040dcd9721d8b89137f016d5d11defd6b5326f98006b5cfee3a306fd489a7d7
850,0.37394026285931409,119.46971577800286,370,0,0,dfcbb84c62114d086531ae669197885e4c9a2b75a55cb5e24eed8231f4f2cd56
851,0.3994841594393298,122.46046788999227,370,0,0,6767c13f264ba7f48d767f34115f43f28ab02e3a85ca7b288261535a1e351285
852,0.37979126098333083,121.8573949129932,370,0,0,1b8ce4519ac2ebc386aee80d1d52dc9d3ccea35c1775a3671179b1dc93e2575c
853,0.3774715452257365,120.70299300599436,370,0,0,137e802bba4a77e9f52499d2e881bd22b43966e039557d574cbf25a4b65e3aff
854,0.4511222117456411,130.63301383200451,370,0,0,21b78d41a73a4c03f9e7f3dac1bab8376eaa033cb4850d587e22605733bf7295
855,0.3712626593641275,130.61055909299466,370,0,0,366a0f340839f58b95c3f2f574bd1c31dd89b1a19bcacf0eed1f1d53a1947a9e
856,0.38544108325094251,134.77534699499665,370,0,0,aadcc26f5a6a22a5ff8156aa420a17d8a89f99a7124ef4074b581282804c806f
857,0.40831069655586921,126.30612312100128,370,0,0,5138c40c2a8b25129b5946faa6b83e1f731b13f17cbf5f013c8ad6f44f19c2b7
858,0.42085601135776007,133.45857959000568,370,0,0,3f12bff396acdb82952911ff3ab305ded01eb75aded71ac3b078356f5c6c615e
859,0.37997985300563458,137.58956799798759,370,0,0,b005a845e66b016e5f10466fcfeb194204dbb0241ce7cc80dd1f667791fdf242
860,0.40541625174280338,130.21009234301164,370,0,0,dfe0b578c858152f0cdd3216935fac22eaa63dbf93cc6682d1dad1854d6ca4d1
861,0.42770035972129761,132.17310818600529,370,0,0,733daa1b2500dfc5846ceb96951ee0a19264a4bd07c98cde7c798129f911cb99
862,0.39978679484816798,121.15671609301351,370,0,0,296952b4e469c0a1f07ebe235ab10ef1698fad214f0175c89cfb466a304d6626
863,0.42126766465507498,141.23597523299395,370,0,0,3d3e3b0c88f35fbaf0f3b1654de7ab470f5cfc696399b49b2683cfbe1eb9ff70
864,0.44551270036257662,134.40852896298748,370,0,0,9a40239dc0032e2081bfcb57153d7b218a9643823fe1c1e06b1de4aee07f53f4
865,0.34793022441711319,137.25493343299604,370,0,0,690bc5a79e9ef0efc653c4faaa292b53168dc7d9eb1118578451b8bd8d08794f
866,0.37067849396496882,141.47828904300695,370,0,0,1ecbda772c2f25e3b5260b40a9f647354fa1db60f15bf3f9fa8f9fb34f6f318c
867,0.4067661257764944,143.37293107400183,370,0,0,cf523faef846163a97c4b3e0f8d57146ae969e5900c56f1bd1e64c5e23e87608
868,0.39259298888270039,104.88162005398772,370,0,0,a705fd118b1b2500dc45731a08ee385eb9c90e9fe359891446df29e6bc70a007
869,0.33553135742930768,120.00553729799869,370,0,0,308f04a0d4db7e92ac4c454e254fadd0b9004cce91f17d01254e16aaf52d77ac
870,0.41121307626727671,154.78346130999853,370,0,0,c09d27ec9c3abb57140e8a62774b4fa899d700fb41a2b4dd4f8efe909bf9fccb
871,0.4215562817347025,137.46443827399344,370,0,0,176de9c0acca8993be5e9a356408d85e57560085bfd0b476027c189a11e9fc61
872,0.46492445780242359,133.05885447299806,370,0,0,a35de6c3f345fc92f0e52cb3e6a3f2ad66d86890ae6a5306690d912fdc5e706c
873,0.3803545679666519,122.97937249598908,370,0,0,f7e5935c4b56581a4867d237726557c9bc4d287023b8a8c8963440e828153169
874,0.34586658912733531,140.30527940600587,370,0,0,9b226bc7b5ff0ec0e4593e8cf605975892488830a3dee1b2d7dbb341d6134d04
875,0.4373735832849367,135.80877791300009,370,0,0,6266cb411df0448702accdb9ec7382f0e1c8ec5e7cd6e4f6765ac1a2917d6cf3
876,0.4619620459065128,134.48926683999889,370,0,0,6fa21a9fe50617ba75427ae3f26f4b6966d450154e3cf08a6edbc43158764417
877,0.3871814413653839,131.6570731390093,370,0,0,4e858c80b3ceff76cbc5393d0a7dfc9a378b46b4516b19309627edb1061a1392
878,0.4301928973459041,127.75290122099976,370,0,0,d18ef04c74c900d39af399bb18fe30f99a8b998443e1bbea70db8a8deaa61376
879,0.4228914286485087,145.17728591700143,370,0,0,b8ddd6771b00fbe4c37f5315278446fe1cf2245abf9b5830dbc1682824f396b2
880,0.41354179105690708,146.03660341599607,370,0,0,c08ab375595991414aebf6fa1a550600d46e03aabc0af70d1bbd46f3374c3295
881,0.42239500460846691,146.9842155679944,370,0,0,7b6592554bc88d44cc18be69d6097b42815cd9be514c977e8f9c9a77e6317caf
882,0.39364010662132187,135.19672511098906,370,0,0,3c1ec89c6ee11299438b3456694d6121b896cedcba6d2d567993f2d10e80d3a2
883,0.41397780717593408,141.7069846939994,370,0,0,4259793b0e48c77a4776411fdb390828d58ceec99a79cfa18951f13c305a714c
884,0.40861586162079921,148.74344390600163,370,0,0,d061bc03339c91afdc7b70e10f3382f9f44bf35aa7bce8c87d751b153e773411
885,0.46281283489239028,125.70350381900788,370,0,0,6b8f06405a30e7bbc95e5af8459b906651addabb7abbe2f45fd0337501e65244
886,0.40910891632169921,106.00648744900536,370,0,0,96a9ff848bb73f4faac47aad4bba707813cf40f74a49f74f5d9904b6a5b1bed8
887,0.4522749684591566,135.44419679699058,370,0,0,23a2426ff493686f9ce279dc6fb0c6a4c5ca43a646c3b987ce23443e1e0b7ea4
888,0.36069065628258989,158.63244816499355,370,0,0,1d4b6ecca03ac6bfad05dbabd0f4edfb968461eb1695c6f3caf92bcdcb11e90d
889,0.36353182270657092,136.81012826999358,370,0,0,3f6ba3468b9a64970a22acf4b2ed825481b67b5c4fda770c5c887ae657f462de
890,0.39217873726514912,121.71672706700338,370,0,0,3f204705d27d507305eed641cafd1ca3f5403cf8380dc5f89cd7a15c610b8cb4
891,0.43629848937181298,143.89983526000287,370,0,0,e46647ba84ae913cfa7ab596bd39807c125b883d550850c0f29d2a37e2c4457f
892,0.42461120919149969,141.03893143800087,370,0,0,f981058b8f8c3ebdc73ed23fead2b8365f93a3d707ab2fb101da6fe79e1aeb2f
893,0.4169338989049185,142.01982254500035,370,0,0,7b55fd1ea8d00b371976985b4fce88745dcf96f54f62b614618ca65e2168e09e
894,0.40121829210126131,136.18075451000186,370,0,0,11ed2ce1f1291a8beb510185ceabe4f3134e61a4e9e712e43b0fa02dd15c2e6a
895,0.43954894008410472,126.96950394699525,370,0,0,af5f2fe84c6d8cf5e8eaaf84768fb88b2b3d1670466782b89f2f9b5b000e47d6
896,0.4312054428476737,138.88338073701016,370,0,0,5651d1893cdcb0ea743c9d14f31c9513d01767db626df649cb0cb726f76b6775
897,0.3756170785557168,129.71223340800498,370,0,0,b2ad8e31b2e27ff189e47e68e03b825f42e796fbb83fd837044f1d218c9dfee2
898,0.3836521446954631,171.11314753199986,370,0,0,6bd37051dcda3b2883d3654fec2559f003c20cd8217cd44ecbf11a1d90a758f1
899,0.44072141721394581,139.65737098299724,370,0,0,43323c032ee6af7396f87f8b5ac5b0c832684ea803d05cde6f842c5e5eb5d87d
900,0.43534380408578333,162.04675922900788,370,0,0,57365ead83914e406f8b8be7be8929e30f34c2e481924ba198c2cd18bc57fc6b
901,0.41403602084722629,139.24948003600002,370,0,0,9a42cf52fe94bc13c170ca4d0ee5ebd951fa4f3fa5858f164033798c5745a9ba
902,0.39913404749718079,137.54827141099668,370,0,0,be8b70fdccbcdb12828bd2acffb7d34a46fc95dbfcf795b5338260e3be939f69
903,0.38832853773209608,123.63592716898712,370,0,0,e1f3b054efa761c110a030880c9935efa95c0c09d878a76dbedd994562b6e59d
904,0.4106348003357741,143.06660773500334,370,0,0,492fc62149ed52bda04f5ba7b1d94cda483ac1a0a62ddda690cb558f2468b1b1
905,0.42553582488253699,141.99803126600457,370,0,0,cc9df085a2ac9911cc91fadd14c4a1980f6eb0a5fba2c92ef9105cf80a98ce4a
906,0.38493106175215508,137.18357400799869,370,0,0,8e3e36e4d493346e946b54f8107cec973094bf62330722745d3eb88c3bb64352
907,0.47118892652483357,137.30615831600153,370,0,0,8240eb5b13dadac938464047e8ae1ffc9af7638f803c6b65a5f4dd63ebef6861
908,0.35893403989262779,106.51688952300174,370,0,0,43e475f0041ab203f64c951e853ce895b50ba9fdb01bdd0322bfdb4ac81fb7f3
909,0.36612971521804188,107.00224028900266,370,0,0,d277938fe73a990d47a77613d1531c9e83b57f31b24cee027bb51f2091f0dbc8
910,0.47082390410335662,143.7627602499997,370,0,0,2866b35dbeea2293c0a83a76429d9c79927054636f2f7646d7a9347d592bfb35
911,0.41399395204886791,128.00009103999764,370,0,0,b8c62ad41477b0382ccd075ebe3a3ea565f55449c2019ee49afbbab62b252f9b
912,0.30959410177697949,128.31210209499113,370,0,0,e1ae50ff545b97ad1c3e47c893e93538c47325279c89912953360b3501a3b779
913,0.3961251700515751,102.58603444699838,370,0,0,a29ec5451d55e46fdf22e50ebffece4b19bf828b26016c86bf57179737807df4
914,0.40038697037469079,89.030447102995822,370,0,0,0fc1b14fd5eb03da821ed8ab35c3a3c934f7134f40fe27652afac1ecb2bffc74
915,0.39301499145685959,127.27610742900288,370,0,0,f31401bba78a8b3acf886c8eb3043e15addce2e13ca8360f3533020385d73e20
916,0.4377459774998983,124.0298890730046,370,0,0,7518115892beb7794cb62e5e8d5d479724b379afa6948847b66e7354385eaddc
917,0.4418483365993372,93.013136622001184,370,0,0,ca648c03708ecd24d1019d3ba14d599183e63f8200f6e96e06fcf24049031fae
918,0.41221367877501969,132.76453820000461,370,0,0,faa6ac0f598a20707b01e09498d7bb52313aa1be3d264d8b263770ef372f9da4
919,0.4076080036433255,126.9187248560047,370,0,0,4bd99cdc4b52dbf4662d3b1992bcc660ba5a30e4b90acb2f8a1cf36cc81553d6
920,0.39238876362473951,80.694364631010103,370,0,0,42ebc66d49a55cb49485e0e7d610dc8789892acc40a128c8ef2f987353ee239a
921,0.41289762082353948,78.572548916010419,370,0,0,9f471ed3eadaf873067ae8e92b229ac24a7ffed74adc59d5f19ec0a3a8faf0c6
922,0.39280651691234431,114.27678079600446,370,0,0,db22bdf539fe751e7dc26fee6461c9b7aec15651af29aceb98af37adcff1f3b6
923,0.4193016912564998,136.71350011599134,370,0,0,6b2d87dfa5da4b092acf44cbfd79fd19ff543c04be2cdda6e34b7b909b97071b
924,0.44516012433498509,135.15862558200024,370,0,0,c4429da4530bc882d1de4ed03c55aeea48ea1e24533547109eb02cdabff155d1
925,0.41130473102810627,137.14519541400659,370,0,0,c8b290d194ae4e5e107a8dea5b274ffa041d94b8bad33a94fe111c699e427dab
926,0.36056220748260431,129.41075626100064,370,0,0,a15ad10c8adab9b8dcee791e2a6c5dede03bb1ef21dd0d867ab907c10bc5eb96
927,0.38290030724159457,124.1888711520005,370,0,0,b83cb516f5c182bb56b73e4a01721c92197beacf0b9110d3eaf4bdd26b987ab8
928,0.3467224300435367,93.279968021000954,370,0,0,2a253e903682bd717e18df2754bba97240e60836e81aabec8fde2ead876a9087
929,0.41098082725812879,125.57985242299036,370,0,0,fe36d0b5854c028b90cdaa9aa2d215ff7b87bd39c3141010a5de7460b5335c22
930,0.43009677634727378,135.26791398299974,370,0,0,4ee40cc2d9c0ac3ac1ae675f9f667e065d3e4b9834d26237b4db29273749a922
931,0.4455664183706039,132.95445435600411,370,0,0,7b5f49161cb3bdba8e09895e719685c3b76b39183e161581ee5d17407e08a787
932,0.4155366495335413,133.62919977700221,370,0,0,7fc421104c0c55adc0519c5bdf2255546ce0798b23eaaad10d7428c1ec89ab3f
933,0.45335002939644342,127.63862713699928,370,0,0,0e3917e4d6755e69bc8ec95a79f6abba2c3c5365631bb83ec41f3c1d711d5b42
934,0.41223767476120488,96.052719240993596,370,0,0,ae82a8de07d4fa793a60530e75ecc6187fbae535640c816c9e98b29c993a12dc
935,0.3876779411721466,100.19884245599678,370,0,0,6c095cefbbec5765f14667eba5a5a978c336642256282c6361eda0a495cb2f9a
936,0.40112145529057092,122.91894843100454,370,0,0,ec1168c3579c0c464d6531e4d2ff2870f20c9b9021873584f52a245fd89befa2
937,0.40327110210287209,121.20645124399744,370,0,0,81d24e2fd2602d85da687609246df16e440c085d7d2d8aa2cba7abd7f9cf9c6f
938,0.45498793321112568,133.56372607398953,370,0,0,f3110ec9928bb7a22cd37e1c0405c30bdbd43cf5523a58694594a09422286127
939,0.35336262743099039,142.78309560100024,370,0,0,193f65caf7c5e84db57ae24cea2b80f7cfa77e35ff6bd85ba6e3af2ac3d1dfcd
940,0.38838631461195749,89.231438859991613,370,0,0,09584223c6f790cc4e467ea9d35ff6d32f0b10f2a1b6b25f72b258b1bb013a07
941,0.40786161639439239,133.97340341199015,370,0,0,c573105f31ddabbdd698dc596558a1ca83ce17ebce32f82401d162cac2338940
942,0.44675743460433232,129.38802803499857,370,0,0,5caed2d119ff2a3c2a94916905995f31708a7fe6ef3143b3f8428a78dfa6b6dc
943,0.40032847412272848,108.89657616100158,370,0,0,46912a2a39b8422bf481e19c186fa055e211d76fc09c762dfe880492a2e2878f
944,0.37529228529693059,129.53360619999876,370,0,0,0b701bc6b969f02e2dfc8d76bdac968f00012aad4d80675a529209cfaf85a304
945,0.4216627096546261,92.918455781007637,370,0,0,c8e7651d2f271c8a2522a2593bde4144dc29d9e573497e3487b10cebbd421433
946,0.3088014598377507,129.7182354760007,370,0,0,d9633783d286ab75d9d865fa9ee34ee1e71c57355a4b86a313dc236b55837448
947,0.4154522653762478,139.16337316999852,370,0,0,8a4e65f18cfa4d990c32f7a1c9345d954194d3e64d9fc2cf858602e4bd4362b0
948,0.3815544472456871,108.92177802699734,370,0,0,9d33556468c055d3bb8cb13f07f9b038980ac331a986f5a6d4d4a9968778c732
949,0.39453297655256991,127.63857534599084,370,0,0,2433a125a122f003d5feb3b59dc00bb435ca7e6e2b22824f9751777648994d30
950,0.35323581556354022,129.14580232801379,370,0,0,a1b0dda58b110cede904d5a07f556fc74b4600f34cd55dbb1347b26735327f11
951,0.39435084378456098,110.55575302800573,370,0,0,52a81c07fae8aed68b16ec278a45f350bcc8445cd3a4b06d29d2546263845045
952,0.36727392718057889,93.568329968999024,370,0,0,ac7d4724e1cc9ebc4cd51238e4a518f2e6777b822dade5a9301a21af469054ea
953,0.41673583739300701,131.54332929098746,370,0,0,7614f490e1c5f091b9ffe71eaa3d0c1e55981c6b86f9d8b3a8ff6c99e8c92e9c
954,0.40840880371591431,131.68618526299542,370,0,0,6623e67b79d9b22e825dc9e29d5552ab640847e85e684d59653890eab970e115
955,0.38358361382443429,101.18303751799976,370,0,0,eac140c68b946f203ed8153c3444996b7d51b918bb472b00b24d0946baa7e036
956,0.42598370578818923,130.11450591799803,370,0,0,8a70436a6bf0f24b11d3f77065f449074a97a27220d2ef0301fdbeb67f24f277
957,0.47660905670369619,138.93283102000714,370,0,0,64a8498e42c76c36ce2eecb04dbbfb27f94d1eeed0fd8d12ffb42568aa3d5b40
958,0.45935850545889512,127.75994255499972,370,0,0,61f23e80bf7793221dedce0ef6d83c961417152d3ac82fa99a9a2afd7e40e08f
959,0.42428938452182691,89.967133585989359,370,0,0,3a8246dcbbdb1026433f062701f824784f3ee9230d28f5bb754b0a82fe087f04
960,0.37602305866249047,127.07756836999032,370,0,0,5c822bcb20ed2a94a5979862dd7bb56abc42791093957f181657217143c83f48
961,0.44830208740898342,145.20915147400228,370,0,0,2f779afba0fc7320e4b7535b52c39e60ba317851980a66344db55daf0e9d0e47
962,0.40611272969471141,93.077618280993207,370,0,0,0863b0de1ca695e9170e95f2b3055e51e257711de7b94ceff051b7bc3537558d
963,0.38059323133780038,136.92843458200514,370,0,0,bbd7bff1b57f9c61991305132369b6873350793da169270b41d0edf8b6dc105e
964,0.34411293476508931,93.043213507000473,370,0,0,60d6d929fb781b6856219149458e937ef03a1cdab6c134a13c22654c7767d03e
965,0.4451322208213675,139.0493697339989,370,0,0,6ab4e8b2d17a7fec632708c23778d08d67197f38299c8815ddb3890f1eb5f712
966,0.40978705826068818,137.94036644900916,370,0,0,b34993fcca1114a733142d5a5fb0f8718ee8ccf750360b0b9cd26cf60345da2c
967,0.39919219508931642,148.60792001699156,370,0,0,398d8b77ad2f25a0c87f256a879e24a564a11a9fe94a17d50bb5839ffa1af731
968,0.51317159220194863,136.17109901500226,370,0,0,e997e6e405e31cd02b8e9e3a0498c269e5659c755f8bed405283088006e1a068
969,0.34468433557301609,95.737761694996166,370,0,0,4ab1a564b7a057907b1be431a9329ea6961e6e9e07aa558919f864c2412ae3b6
970,0.3605944023224642,90.200375922999243,370,0,0,77d71cb492faa0b85edbf69de1f534e19b9756d503bde3e5263074de4ae75341
971,0.41867463808025568,149.04461506899679,370,0,0,fb672cc2cbffa0aa85623ff98b3ed7a2de438a24909d64708b9b7169519878db
972,0.36419387779031881,133.65477637099684,370,0,0,43dada85d1fcdb1e9379e58b55c55eeb435bbe3eaab9128cec13b754059e8b6b
973,0.35908529506435227,129.70369420600764,370,0,0,0160d784a9dfbaecfa1729e7309f6f98c9c39b279546d233b49881b36f967156
974,0.44659322657881029,134.75985194901295,370,0,0,eaf0c5e708f31aeb6506f9da0da732c7bd43068fb000c96ad59ce57cfa0d188d
975,0.41521332999192062,94.444068451004554,370,0,0,2abf8696a1fdd0a1065f62affe06642b84eaab2246ecafc0b7251e46e5c10bee
976,0.41179272321724369,131.23534606699832,370,0,0,5481ac39cd06f01c03106309e5332e0aa4f5df343a51159158551bd82eb39b19
977,0.41319423372810482,142.18350880299113,370,0,0,8ae4c4408b54c835db8c1810f91422602bd74881cb7405d6491b631cf8c6841f
978,0.44639872790981611,90.404084339999841,370,0,0,e7d3da129c2c9c161eea283cc3390afc578fac00b5673974c59fbbfc0f6a0e73
979,0.43818108273090611,140.55158251000103,370,0,0,ed8a4c78edecfc5d49b4141db071ca1fd4bc9aba9d6791d2441bb9a14fbc8139
980,0.41161315708598112,133.08652818499831,370,0,0,d3959a7625adbe3a72b46d1b17b173e68ff7017e658d696c8c7b20034f45d540
981,0.38215958041613929,99.71012559600058,370,0,0,491f912fe2680c7d9b1e12e699a3cf3e567c1792c44f12dfb38b2a1b18038cfa
982,0.36633168979215908,90.06636472500395,370,0,0,0841e0426b6d3a5fa3b9907c98b95ad65e3a06889afead432da89b53660cbb64
983,0.4461514558818353,132.04441816500912,370,0,0,ee6cf33a88e890a69c7f56ea27468705850cc3a631f34b4ebf629b557f40c9cf
984,0.38098499117685197,133.63628599399817,370,0,0,5864f905e63237dc5f1af04230b41c72cb1303aa33a388485ecf387a25b0c63e
985,0.4677028458909161,128.63549470099679,370,0,0,a4dd3989acad29a5821af3d1191873a035de6ca84e1d53dc9305095835dc266b
986,0.44867321172446861,142.04231149399129,370,0,0,7c711cefd73063874ca675f605f7fc67f1b823ec1b2d300ec076e6cf912d063f
987,0.38157198854187979,87.738985755000613,370,0,0,efb120521d310de226d2816666c5f3ffd85345dd13918e263674804972e37b38
988,0.4309996183918699,93.808392885010122,370,0,0,ffd9cada66b19ed0984d379d8411187f1b959ea0807ae7cd641a9dd34e023c50
989,0.38374486701127869,134.32663741499709,370,0,0,1c7f6b059097d855cd66252a0d1b1660570d3a4712f0c8bb4d7c104ec8afce4e
990,0.45507176889299811,131.42208273299912,370,0,0,e22a64ddfa8804cbab7ab42401ff6d6070eb0b2c5723a07589c6ccb7bd34bb5a
991,0.3802844489668139,128.92051328899106,370,0,0,8768b77844ae2975f261ce0ac0a8995408316da77e91266b47da32969a21af45
992,0.40254557026541621,124.85264474998984,370,0,0,cdd54360213e525b6f3fb170c0e3598bff8c929b257f9872635909e14200599c
993,0.33695388080809502,146.39037695799198,370,0,0,fdf8f8ee21f1c4072f8b3f885636311741fab45d1ce8b7abfcf9be350c07097d
994,0.39843098805468019,88.785706515001948,370,0,0,867be8cb1e981f2442f0dea98bd2c67d72152ef5868e3469fda974e155a2d5db
995,0.38065907223455647,93.745488473999998,370,0,0,be02242688ef31c32ada7782d52521e542934473756d6e21af0ac8ae54e757ef
996,0.39754617043021961,133.82167153200135,370,0,0,a85a600322b0f2ed91b9cbe382c04aabb722398e6a31b12bdfc9dc53ff994e9c
997,0.38630695518838071,123.30163201800316,370,0,0,4ddc9af038178d31b33c010526737499510b5d41cfa272f53c7f39edcaa0f036
998,0.41897596565219369,122.66872844099998,370,0,0,606cae0db72be9a7eb56e5c295de8645cb8cdcb776488f356c70f77935765625
999,0.46320802012946838,81.823561090990552,370,0,0,2e8cd5f9e5b8ce11f324c71579f155449241fc43c65cbfa2381c399f269b588c
1000,0.40061903653082331,81.27491370800999,370,0,0,46461f4eebc476a1ff9b0f03879138481b302ad4465660bc556ae1a6ece37a73
